,제목,예배,설교자,본문,날짜
0,"성령 충만하신 예수 그리스도 3 ""갈망하며 신뢰하며 예배합니다""",주일예배,김승욱 목사,마태복음 4:1-11,2020-09-20
1,"성령 충만하신 예수 그리스도 2 ""광야로""",주일예배,김승욱 목사,마가복음 1:12-13,2020-09-13
2,"성령 충만하신 예수 그리스도 1 ""사랑하기 위한 자기 비움""",온라인 주일예배,김승욱 목사,마태복음 3:13-17,2020-09-06
3,"""혹 흘러 떠내려갈까 염려하노라""",온라인 주일예배,김승욱 목사,히브리서 2:1,2020-08-30
4,"""복음의 빛""",온라인 주일예배,김승욱 목사,디도서 2:1-10,2020-08-23
5,앞서 행하시는 성령님 15 “Let's Go!(레츠 고! 함께 갑시다)”,주일3부예배,김승욱 목사,"사도행전 28:16, 23, 30-31",2020-08-16
6,코로나19룰 통해 점검 받을 수 있는 신앙의 영역들,주일4부 뉴웨이브예배 실황,안만기 목사,누가복음 9:18-27,2020-08-09
7,앞서 행하시는 성령님 14 “폭풍 속에서”,주일2부예배,김승욱 목사,사도행전 27:20-26,2020-08-09
8,앞서 행하시는 성령님 13 “믿음으로 순종할 때”,주일2부예배,김승욱 목사,사도행전 23:19-24,2020-08-02
9,앞서 행하시는 성령님 12 “은혜의 복음으로”,주일3부예배,김승욱 목사,"사도행전 20:24, 32",2020-07-26
10,배우고 확신한 일에 거하라,주일4부 뉴웨이브예배 실황,최강용 목사,디모데후서 3:12-17,2020-07-19
11,염려와 평화,주일3부예배,김상복 목사,빌립보서 4:4-9,2020-07-19
12,인생 노답?,주일4부 뉴웨이브예배 실황,안만기 목사,이사야 43:1-10,2020-07-12
13,앞서 행하시는 성령님 11 “역경을 허락하시어”,주일2부예배,김승욱 목사,사도행전 18:9-11,2020-07-12
14,앞서 행하시는 성령님 10 “과정을 통해 ”,주일3부예배,김승욱 목사,사도행전 16:6-10,2020-07-05
15,앞서 행하시는 성령님 9 “안디옥 교회”,주일3부예배,김승욱 목사,사도행전 13:1-3,2020-06-28
16,앞서 행하시는 성령님 8 “거침없이 주의 나라를 확장하십니다”,주일3부예배,김승욱 목사,사도행전 12:21-25,2020-06-21
17,진리를 향한 삶의 결단,주일4부 뉴웨이브예배 실황,안만기 목사,사도행전 19:8-20,2020-06-14
18,앞서 행하시는 성령님 7 “세우시기 위해 무너뜨리십니다”,주일1부예배,김승욱 목사,사도행전 9:1-9,2020-06-14
19,앞서 행하시는 성령님 6 “차별하는 죄에서 자유케 하십니다”,주일2부예배,김승욱 목사,"사도행전 8:4-8, 26-28",2020-06-07
20,앞서 행하시는 성령님 5 “위기 중에도 찬양케 하십니다”,주일3부예배,김승욱 목사,사도행전 7:54-8:4,2020-05-31
21,앞서 행하시는 성령님 4 “교회의 우선순위를 새롭게 정립하십니다”,주일4부 뉴웨이브예배,김승욱 목사,사도행전 6:1-7,2020-05-24
22,앞서 행하시는 성령님 3 “교회를 성결케 하십니다”ㅣ김승욱 목사ㅣ2020.05.17,주일2부예배,김승욱 목사,사도행전 5:1-11,2020-05-17
23,앞서 행하시는 성령님,주일4부 뉴웨이브예배 실황,안만기 목사,사도행전 2:36-47,2020-05-10
24,앞서 행하시는 성령님 2 “하나님의 꿈과 비전을 따라”,주일3부예배,김승욱 목사,사도행전 2:14-21,2020-05-10
25,앞서 행하시는 성령님 1 “혼란과 불안함 속에서”,주일2부예배,김승욱 목사,사도행전 1:3-9,2020-05-03
26,성령과 내면의 변화 9 : 절제 “많은 사람의 유익을 위한 절제”,주일3부예배,김승욱 목사,"갈라디아서 5:22-23, 사도행전 53:7, 고린도전서 10:23-24",2020-04-26
27,성령과 내면의 변화 8 : 온유,온라인 주일예배,김승욱 목사,"갈라디아서 5:22-23, 마태복음 11:29-30 디모데후서 2:23-25, 빌립보서 2:5-8",2020-04-19
28,결단코 흔들리지 않습니다,온라인 주일예배,김승욱 목사,욥기 19:25-26,2020-04-12
29,"성령과 내면의 변화 7 : 신실함 ""하나님의 신실하심을 주목하며 나타내며""",온라인 주일예배,김승욱 목사,"갈라디아서 5:22-23, 예레미야애가 3:22-23, 시편 15:1-5",2020-04-05
30,"성령과 내면의 변화 6 : 양선 ""하나님의 선하심을 닮아가게 하소서""",온라인 주일예배,김승욱 목사,"갈라디아서 5:22-23, 시편 136:1, 마태복음 7:12",2020-03-29
31,믿음 소망 사랑,온라인 주일예배,김승욱 목사,고린도전서 13:9-13,2020-03-22
32,예수님이 우리를 위해 기도하십니다,온라인 주일예배,김승욱 목사,로마서 8:34,2020-03-15
33,하나님의 선하심을 붙잡읍시다,온라인 주일예배,김승욱 목사,민수기 6:22-27,2020-03-08
34,"“오라 우리가 여호와께 예배하자” Come, Let Us Worship the Lord",온라인 주일예배,김승욱 목사,시편(Psalms) 95:1-11,2020-03-01
35,내가 주님만을 사모합니다,주일 4부 뉴웨이브예배 실황,안만기 목사,시편 42:1,2020-02-23
36,스스로 어리석은 하나님,주일2부예배,조병수 목사(합동신학대학원대학교 신약신학 교수),요한복음 3:16-17,2020-02-23
37,"성령과 내면의 변화 5 : 자비 ""주의 자비로 세상을 보게 하소서""",주일 4부 뉴웨이브예배 실황,김승욱 목사,"갈 5:22-23, 마 25:35-36, 요 9:5-7",2020-02-16
38,성령과 내면의 변화 5 : 자비 “주의 자비로 세상을 보게 하소서”,주일2부예배,김승욱 목사,"갈 5:22-23, 마 25:35-36, 요 9:5-7",2020-02-16
39,"성령과 내면의 변화 4 : 인내 ""그리스도의 인내에 이르게 하소서""",주일 4부 뉴웨이브예배 실황,김승욱 목사,"갈 5:22-23, 살후 3:5, 히 12:2",2020-02-09
40,성령과 내면의 변화 4 : 인내 “그리스도의 인내에 이르게 하소서”,주일3부예배,김승욱 목사,"갈 5:22-23, 살후 3:5, 히 12:2",2020-02-09
41,팍스 데오 - 화평하게 하는 자,주일 4부 뉴웨이브예배 실황,마승국 목사,역대하 14:1-6,2020-02-02
42,성령과 내면의 변화 3 : 평안 “세상을 이기는 평안”,주일2부예배,김승욱 목사,"갈 5:22-23, 요 16:33, 빌 4:6-7",2020-02-02
43,"성령과 내면의 변화 2 : 기쁨 ""기쁨의 영성""",주일3부예배,김승욱 목사,"갈 5:22-23, 요 17:13, 히 12:2",2020-01-26
44,성령과 내면의 변화 1 : 사랑 “사랑이 없으면 아무 것도 아닙니다”,주일 4부 뉴웨이브예배 실황,김승욱 목사,"갈 5:22-23, 요 13:34-35, 고전 13:1-3",2020-01-19
45,성령과 내면의 변화 1 : 사랑 “사랑이 없으면 아무 것도 아닙니다”,주일2부예배,김승욱 목사,"갈 5:22-23, 요 13:34-35, 고전 13:1-3",2020-01-19
46,우리 안에 변화를 이루소서,주일 4부 뉴웨이브예배 실황,김승욱 목사,"베드로전서 1:1-2, 고린도후서 3:18",2020-01-12
47,우리 안에 변화를 이루소서,주일2부예배,김승욱 목사,"베드로전서 1:1-2, 고린도후서 3:18",2020-01-12
48,우리에게 오신 성령님,주일2부예배,김승욱 목사,"요한복음 14:16-17, 스가랴 4:6(하반절)",2020-01-05
49,우리에게 오신 성령님,주일 4부 뉴웨이브예배 실황,김승욱 목사,"요한복음 14:16-17, 스가랴 4:6(하반절)",2020-01-05
50,하나님의 어린 양이 이겼습니다(The Lamb of God has Overcome),주일 4부 뉴웨이브예배 실황,김승욱 목사,요한계시록(Revelation) 17:14,2019-12-29
51,하나님의 어린 양이 이겼습니다(The Lamb of God has Overcome),주일3부예배,김승욱 목사,요한계시록(Revelation) 17:14,2019-12-29
52,진리와 사랑으로 굳게 서십시오,주일 4부 뉴웨이브예배 실황,김승욱 목사,"요일 5:13, 요이 1:3, 요삼 1:8, 유 1:3-4",2019-12-22
53,진리와 사랑으로 굳게 서십시오,주일3부예배,김승욱 목사,"요일 5:13, 요이 1:3, 요삼 1:8, 유 1:3-4",2019-12-22
54,산을 향하여 눈을 들리라 / 우리 앞에 놓인 경주,주일 4부 뉴웨이브예배 실황,김상복 원로목사 / 김승욱 담임목사,시편 121:1-8 / 히브리서 12:1-2,2019-12-15
55,시험과 환난 중에도,주일3부예배,김승욱 목사,"야고보서 1:2-5, 베드로전서 5:10, 베드로후서 3:17-18",2019-12-15
56,"복음의 능력, 변화된 삶",주일 4부 뉴웨이브예배 실황,김승욱 목사,"디도서 2:11-14, 빌레몬서 1:11",2019-12-08
57,"복음의 능력, 변화된 삶",주일3부예배,김승욱 목사,"디도서 2:11-14, 빌레몬서 1:11",2019-12-08
58,"성육신, 그 낮아짐의 영광",주일 4부 뉴웨이브예배 실황,안만기 목사,빌립보서 2:5-11,2019-12-01
59,"다시 오실 주님을 주목하며, 복음의 계승을 이뤄가며",주일2부예배,김승욱 목사,"데살로니가전서 5:23, 디모데후서 1:11-14",2019-12-01
60,"자유, 지체, 기쁨, 충만함",주일 4부 뉴웨이브예배 실황,김승욱 목사,"갈라디아서 5:1, 에베소서 2:22, 빌립보서 4:4, 골로새서 2:9-10",2019-11-24
61,"자유, 지체, 기쁨, 충만함",주일2부예배,김승욱 목사,"갈라디아서 5:1, 에베소서 2:22, 빌립보서 4:4, 골로새서 2:9-10",2019-11-24
62,십자가 복음에 합당한 삶,주일 4부 뉴웨이브예배 실황,김승욱 목사,"고린도전서 1:12-13,17, 고린도후서 4:7-10",2019-11-17
63,십자가 복음에 합당한 삶,주일3부예배,김승욱 목사,"고린도전서 1:12-13,17, 고린도후서 4:7-10",2019-11-17
64,복음을 위탁 받았으니 (Entrusted with the gospel),주일 4부 뉴웨이브예배 실황,더글라스김 목사(HYM 청년선교단체 대표),데살로니가전서 2:4-10,2019-11-10
65,"자유, 지체, 기쁨, 충만함",주일 4부 뉴웨이브예배 실황,김승욱 목사,"갈라디아서 5:1, 에베소서 2:22, 빌립보서 4:4, 골로새서 2:9-10",2019-11-24
66,"자유, 지체, 기쁨, 충만함",주일2부예배,김승욱 목사,"갈라디아서 5:1, 에베소서 2:22, 빌립보서 4:4, 골로새서 2:9-10",2019-11-24
67,십자가 복음에 합당한 삶,주일 4부 뉴웨이브예배 실황,김승욱 목사,"고린도전서 1:12-13,17, 고린도후서 4:7-10",2019-11-17
68,십자가 복음에 합당한 삶,주일3부예배,김승욱 목사,"고린도전서 1:12-13,17, 고린도후서 4:7-10",2019-11-17
69,복음을 위탁 받았으니 (Entrusted with the gospel),주일 4부 뉴웨이브예배 실황,더글라스김 목사(HYM 청년선교단체 대표),데살로니가전서 2:4-10,2019-11-10
70,물이 바다를 덮음 같이,주일2부예배,김승욱 목사,하박국 2:14,2019-11-10
71,"성령의 내주, 충만, 동행",주일2부예배,배본철 목사(성결대 역사신학 교수),골로새서 3:15-17,2019-11-03
72,네가 나를 사랑하느냐?,주일 4부 뉴웨이브예배 실황,안만기 목사,요한복음 21:1-19,2019-10-27
73,거인들의 땅(The Land of Giants),주일2부예배,김상복 목사,민수기 13:21-33,2019-10-27
74,"인류의 딜레마, 하나님의 대답",주일 4부 뉴웨이브예배 실황,김승욱 목사,"로마서 3:21-24, 6:10-13",2019-10-20
75,"인류의 딜레마, 하나님의 대답",주일3부예배,김승욱 목사,"로마서 3:21-24, 6:10-13",2019-10-20
76,오직 성령으로,주일 4부 뉴웨이브예배 실황,김승욱 목사,"사도행전 1:1-5, 28:30-31",2019-10-13
77,오직 성령으로,주일3부예배,김승욱 목사,"사도행전 1:1-5, 28:30-31",2019-10-13
78,우리는 예수님을 믿어 참 기뻐요,주일 4부 뉴웨이브예배 실황,안만기 목사,데살로니가전서 5:16-18,2019-10-06
79,하나님이 세상을 사랑하사,주일2부예배,김승욱 목사,"요한복음 1:14, 3:16, 20:30-31",2019-10-06
80,"예수 우리의 구원자, 우리의 치료자",주일 4부 뉴웨이브예배 실황,김승욱 목사,"누가복음 4:16-19, 19:10",2019-09-29
81,"예수 우리의 구원자, 우리의 치료자",주일3부예배,김승욱 목사,"누가복음 4:16-19, 19:10",2019-09-29
82,하나님의 아들 예수 그리스도,주일4부 뉴웨이브예배 실황,김승욱 목사,"마가복음 1:1, 8:27-35",2019-09-22
83,하나님의 아들 예수 그리스도,주일3부예배,김승욱 목사,"마가복음 1:1, 8:27-35",2019-09-22
84,"메시아, 천국, 제자도",주일4부 뉴웨이브예배 실황,김승욱 목사,"마태복음 1:1, 4:17, 28:18-20",2019-09-15
85,"메시아, 천국, 제자도",주일3부예배,김승욱 목사,"마태복음 1:1, 4:17, 28:18-20",2019-09-15
86,이럴 때일수록,주일4부 뉴웨이브예배 실황,김승욱 목사,말라기 3:13-18,2019-09-08
87,그 날까지,주일3부예배,김승욱 목사,스가랴 8:13,2019-09-08
88,신성한 성품에 참여하는 자,주일4부 뉴웨이브예배 실황,안만기 목사,베드로후서 1:3-7,2019-09-01
89,우리의 거룩한 토대,주일3부예배,김승욱 목사,에베소서 2:20,2019-09-01
90,하나님이 요구하시는 것 세 가지,주일4부 뉴웨이브예배 실황,김승욱 목사,미가 6:8,2019-08-25
91,예수 그리스도와 선지서의 말씀,주일2부예배,김승욱 목사,누가복음 24:44,2019-08-25
92,하나님의 끊임없는 사랑,주일4부 뉴웨이브예배 실황,김승욱 목사,호세아 1:1-2,2019-08-18
93,하나님의 끊임없는 사랑,주일2부예배,김승욱 목사,호세아 1:1-2,2019-08-18
94,"하나님의 통치, 성도의 충성",주일4부 뉴웨이브예배 실황,김승욱 목사,"다니엘 4:34, 7:21-22",2019-08-11
95,하나님이 요구하시는 것 세 가지,주일4부 뉴웨이브예배 실황,김승욱 목사,미가 6:8,2019-08-25
96,예수 그리스도와 선지서의 말씀,주일2부예배,김승욱 목사,누가복음 24:44,2019-08-25
97,하나님의 끊임없는 사랑,주일4부 뉴웨이브예배 실황,김승욱 목사,호세아 1:1-2,2019-08-18
98,하나님의 끊임없는 사랑,주일2부예배,김승욱 목사,호세아 1:1-2,2019-08-18
99,"하나님의 통치, 성도의 충성",주일4부 뉴웨이브예배 실황,김승욱 목사,"다니엘 4:34, 7:21-22",2019-08-11
100,"하나님의 통치, 성도의 충성",주일2부예배,김승욱 목사,"다니엘 4:34, 7:21-22",2019-08-11
101,서로를 누리는 공동체,주일4부 뉴웨이브예배 실황,안만기 목사,히브리서 10:24-25,2019-08-04
102,그들이 내가 하나님인 줄 알리라,주일2부예배,김승욱 목사,에스겔 39:28,2019-08-04
103,애통하는 자의 복,주일4부예배 실황,김승욱 목사,"예레미야애가 5:20-21, 마태복음 5:4",2019-07-28
104,애통하는 자의 복,주일3부예배,김승욱 목사,"예레미야애가 5:20-21, 마태복음 5:4",2019-07-28
105,"인간의 완악함, 하나님의 새 언약",주일4부 뉴웨이브예배 실황,김승욱 목사,"예레미야 18:11-12, 31:31-34",2019-07-21
106,"인간의 완악함, 하나님의 새 언약",주일3부예배,김승욱 목사,"예레미야 18:11-12, 31:31-34",2019-07-21
107,"돌이킴과 조용함, 잠잠함과 신뢰",주일4부 뉴웨이브예배 실황,김승욱 목사,"이사야 30:15, 히브리서 12:28",2019-07-14
108,"돌이킴과 조용함, 잠잠함과 신뢰",주일3부예배,김승욱 목사,"이사야 30:15, 히브리서 12:28",2019-07-14
109,우리가 먼저 그 나라와 의를 구할 때,주일4부 뉴웨이브예배 실황,안만기 목사,마태복음 6:24-34,2019-07-07
110,사랑을 위해 지음 받은 존재,주일2부예배,김승욱 목사,"아가 2:16, 요한복음 6:48-51",2019-07-07
111,하나님이 찾으시는 한 사람,주일2부예배,김승욱 목사,에스겔 22:30,2019-06-30
112,하나님이 찾으시는 한 사람,주일4부 뉴웨이브예배 실황,김승욱 목사,에스겔 22:30,2019-06-30
113,예수님과 하나 된 은혜,주일4부 뉴웨이브예배 실황,최강용 목사,에베소서 2:1-10,2019-06-23
114,운명을 바꾸시는 하나님,주일2부예배,백명렬 목사,시편 126:1-6,2019-06-23
115,살아있는 교회,주일4부 뉴웨이브예배 실황,김사무엘 목사,요한계시록 3:1-6,2019-06-16
116,사랑은 끝까지 견디는 것입니다,주일2부예배,"이관직 목사(할렐루야 상담센터장, 총신대신학원 부총장)",고린도전서 13:4-7,2019-06-16
117,"헛된 세상, 헛되지 않은 삶",주일4부 뉴웨이브예배 실황,김승욱 목사,전도서 3:9-11,2019-06-09
118,"헛된 세상, 헛되지 않은 삶",주일3부 예배,김승욱 목사,전도서 3:9-11,2019-06-09
119,내가 바로 하나님의 축복입니다,주일4부 뉴웨이브예배 실황,안만기 목사,역대하 7:14-16,2019-06-02
120,구하고 터득하고 누리십시오,주일2부예배,김승욱 목사,잠언 1:1-7,2019-06-02
121,하나님의 자녀가 되는 권세,주일4부 뉴웨이브예배 실황,김승욱 목사,요한복음 1:12,2019-05-26
122,하나님의 자녀가 되는 권세,주일2부예배,김승욱 목사,요한복음 1:12,2019-05-26
123,우리의 고난을 구속하시는 하나님,주일4부 뉴웨이브예배 실황,김승욱 목사,"욥기 19:25-26, 23:10",2019-05-19
124,우리의 고난을 구속하시는 하나님,주일3부예배,김승욱 목사,"욥기 19:25-26, 23:10",2019-05-19
125,영원부터 영원까지 주는 하나님이시니이다,주일4부 뉴웨이브예배 실황,김승욱 목사,욥기 42:1-6,2019-05-12
126,영원부터 영원까지 주는 하나님이시니이다,주일 2부예배,김승욱 목사,욥기 42:1-6,2019-05-12
127,하나님이 세우신 가정,주일4부 뉴웨이브예배 실황,안만기 목사,에베소서 6:1-4,2019-05-05
128,하나님이 안 보일 때,주일2부예배,김승욱 목사,에스더 1:1-3,2019-05-05
129,다시 시작하는 하나님의 백성,주일4부 뉴웨이브예배 실황,김승욱 목사,에스라 6:21-22,2019-04-28
130,다시 시작하는 하나님의 백성,주일2부예배,김승욱 목사,에스라 6:21-22,2019-04-28
131,너희 죽을 몸도 살리시리라,주일4부 뉴웨이브예배 실황,김승욱 목사,로마서 8:9-11,2019-04-21
132,너희 죽을 몸도 살리시리라,주일3부예배,김승욱 목사,로마서 8:9-11,2019-04-21
133,"십자가 고난, 복음의 영광",주일4부 뉴웨이브예배 실황,김승욱 목사,이사야 53:1-6,2019-04-14
134,"십자가의 고난, 복음의 영광",주일2부 예배,김승욱 목사,이사야 53:1-6,2019-04-14
135,하나님의 자녀들을 자유케하라,주일 4부 뉴웨이브예배 실황,안만기 목사,누가복음 4 : 14-19,2019-04-07
136,마음을 온전히 하고 바르게 하여,주일 2부예배,김승욱 목사,열왕기상 9: 4-5,2019-04-07
137,자신을 지키며 삽시다 part 2,주일4부 뉴웨이브예배 실황,김승욱 목사,유다서 20-23,2019-03-31
138,최후 승리를 얻기까지,주일 3부예배,김승욱 목사,사무엘하 24:17-19,2019-03-31
139,자신을 지키며 삽시다 part 1,주일4부 뉴웨이브예배 실황,김승욱 목사,유다서 20-23,2019-03-24
140,왕이신 우리 하나님,주일3부 예배,김승욱 목사,사무엘상 8:4-9,2019-03-24
141,하나님의 크신 사랑,주일4부 뉴웨이브예배 실황,김승욱 목사,룻기 4:13-14,2019-03-17
142,하나님의 크신 사랑,주일3부 예배,김승욱 목사,룻기 4:13-14,2019-03-17
143,그러나 은혜가 더욱 넘쳤나니,주일2부 예배,김승욱 목사,사사기 2:16-18,2019-03-10
144,그러나 은혜가 더욱 넘쳤나니,주일4부 뉴웨이브예배 실황,김승욱 목사,사사기 2:16-18,2019-03-10
145,내가 그리스도와 함께,주일4부 뉴웨이브예배 실황,안만기 목사,갈라디아서 2:20,2019-03-03
146,오직 나와 내 집은,주일3부 예배,김승욱 목사,여호수아 24:14-18,2019-03-03
147,모세의 영성,주일1부 이른예배,김승욱 목사,"신명기 34:9-12, 사도행전 7:29",2019-02-24
148,하나님의 사람들,주일4부 뉴웨이브예배 실황,김승욱 목사,"신명기 7:6-11, 베드로전서 2:9",2019-02-24
149,하나님의 사람들,주일3부 예배,김승욱 목사,"신명기 7:6-11, 베드로전서 2:9",2019-02-24
150,여호와를 의뢰하는 그,주일1부 이른예배,장영준 목사,예레미야 17:5-10,2019-02-17
151,300,주일4부 뉴웨이브예배 실황,김바울 목사 (초청),사사기 7:1-4,2019-02-17
152,300,주일2부 예배,김바울 목사 (초청),사사기7:1-5,2019-02-17
153,벽은 무너진다,주일1부 이른예배,김병건 목사,여호수아 6:1-7,2019-02-10
154,오늘 너희가 그의 음성을 듣거든,주일4부 뉴웨이브예배 실황,김승욱 목사,"민수기 20:2-9, 히브리서 3:7-14",2019-02-10
155,오늘 너희가 그의 음성을 듣거든,주일2부 예배,김승욱 목사,"민수기 20:2-9, 히브리서 3:7-14",2019-02-10
156,하나님이 기뻐하시는 거룩한 산 제물,주일4부 뉴웨이브예배 실황,김승욱 목사,"레위기 19:1-2, 로마서 12:1-2",2019-02-03
157,하나님이 기뻐하시는 거룩한 산 제물,주일3부 예배,김승욱 목사,"레위기 19:1-2, 로마서 12:1-2",2019-02-03
158,제사와 복음,주일1부 이른예배,서계원 목사,레위기 1:1-9,2019-02-03
159,"인생, 하나님의 선물",주일1부 이른예배,이병수 목사,전도서 9:10,2019-01-27
160,푯대를 향한 선택과 집중,주일4부 뉴웨이브예배 실황,안만기 목사,빌립보서 3:10-14,2019-01-27
161,"성결, 자유, 변화",주일2부 예배,김승욱 목사,출애굽기 20:18-21,2019-01-27
162,강물같이 흐르는 주님의 빛,주일1부 이른예배,윤영근 목사,창세기 1:1-5,2019-01-20
163,너는 나의 친구라,주일 2부예배,김승욱 목사,"창세기 19:29, 야고보서 2:23, 요한복음 15:15",2019-01-20
164,너는 나의 친구라,주일 4부 뉴웨이브예배 실황,김승욱 목사,"창세기19:29, 야고보서 2:23, 요한복음 15:15",2019-01-20
165,비판과 반대를 극복하라,주일1부 이른예배,백명렬 목사,느혜미야 4:1-6,2019-01-13
166,오직 말씀과 기도로,주일 2부예배,김승욱 목사,에베소서 6:17-18,2019-01-13
167,오직 말씀과 기도로,주일4부 뉴웨이브예배 실황,김승욱 목사,에베소서 6:17-18,2019-01-13
168,우리의 기도 : 우리 눈을 열어 주소서,주일1부 이른예배,김승욱 목사,시편 119:33-40,2019-01-06
169,우리의 기도 : 우리 눈을 열어 주소서,주일4부 뉴웨이브예배 실황,김승욱 목사,시편 119:33-40,2019-01-06
170,비판과 반대를 극복하라,주일1부 이른예배,백명렬 목사,느혜미야 4:1-6,2019-01-13
171,오직 말씀과 기도로,주일 2부예배,김승욱 목사,에베소서 6:17-18,2019-01-13
172,오직 말씀과 기도로,주일4부 뉴웨이브예배 실황,김승욱 목사,에베소서 6:17-18,2019-01-13
173,우리의 기도 : 우리 눈을 열어 주소서,주일1부 이른예배,김승욱 목사,시편 119:33-40,2019-01-06
174,우리의 기도 : 우리 눈을 열어 주소서,주일4부 뉴웨이브예배 실황,김승욱 목사,시편 119:33-40,2019-01-06
175,우리의 기도 : 우리 눈을 열어 주소서,주일 3부예배,김승욱 목사,시편 119:33-40,2019-01-06
176,우리는 더 잘 사랑할 수 있을까,주일1부 이른예배,김민수 목사,요한일서 4:7-8,2018-12-30
177,"하나님 사랑, 말씀 사랑",주일4부 뉴웨이브예배 실황,김승욱 목사,시편 119:33-40,2018-12-30
178,"하나님 사랑, 말씀 사랑",주일 3부예배,김승욱 목사,시편 119:33-40,2018-12-30
179,부름받은 그리스도인의 사명,주일 3부예배,한용기 목사,누가복음 9:1-6,2018-12-23
180,성탄 즈음에 기억할 세 가지 은혜,주일1부 이른예배,유장옥 목사,마태복음 1:21,2018-12-16
181,성탄의 메세지: 두려워하지 말라,주일4부 뉴웨이브예배 실황,김승욱 목사,마태복음 2:13-23,2018-12-16
182,성탄의 메세지: 두려워하지 말라,주일 2부예배,김승욱 목사,마태복음 2:13-23,2018-12-16
183,내 이웃은 누구인가?,주일1부 이른예배,한국컴패션 대표 서정인 목사,누가복음 10:25-29,2018-12-09
184,내 이웃은 누구인가?,주일4부 뉴웨이브예배 실황,한국컴패션 대표 서정인 목사,누가복음 10:25-29,2018-12-09
185,내 이웃은 누구인가?,주일 3부예배,한국컴패션 대표 서정인 목사,누가복음 10:25-29,2018-12-09
186,가치 있는 삶,주일1부 이른예배,고대영 목사,마태복음 5:13,2018-12-02
187,베들레헴아 너는 가장 작지 아니 하도다,주일4부 뉴웨이브예배 실황,안만기 목사,마태복음 2:1-10,2018-12-02
188,나 자신도 사랑할 수 있어야 합니다,주일 3부예배,김승욱 목사,"마가복음 12:29-31 , 요한일서 4:19",2018-12-02
189,주의 손이 그들과 함께 하시매,주일1부 이른예배,윤현준 목사,사도행전 11:19-26,2018-11-25
190,교회 직분자들의 모습 : 관계의 성숙함,주일4부 뉴웨이브예배 실황,김승욱 목사,디모데전서 3:2-13,2018-11-25
191,교회 직분자들의 모습 : 관계의 성숙함,주일 2부예배,김승욱 목사,디모데전서 3:2-13,2018-11-25
192,우리 주 예수 그리스도의 교회,주일1부 이른예배,김승욱 목사,에베소서 2:20-22,2018-11-18
193,교회 직분자들의 모습 : 내면의 성숙함,주일4부 뉴웨이브예배 실황,김승욱 목사,디모데전서 3:2-13,2018-11-18
194,교회 직분자들의 모습 : 내면의 성숙함,주일 2부예배,김승욱 목사,디모데전서 3:2-13,2018-11-18
195,하나님의 집,주일4부 뉴웨이브예배 실황,김승욱 목사,디모데전서 3:14-15,2018-11-11
196,기대하게 하시는 하나님,주일1부 이른예배,한용기 목사,데살로니가전서 5:24-28,2018-11-11
197,하나님의 집,주일 3부예배,김승욱 목사,디모데전서 3:14-15,2018-11-11
198,돌보시는 하나님,주일1부 이른예배,김병건 목사,창세기 26:1-5,2018-11-04
199,영원한 생명을 누리는 삶,주일4부 뉴웨이브예배 실황,안만기 목사,베드로전서 3:13-17,2018-11-04
200,예수가 전부인 교회,주일 2부예배,서계원 목사,사도행전 2:36-47,2018-11-04
201,길 되신 예수님,주일1부 이른예배,서계원 목사,요한복음 14:6,2018-10-28
202,반드시 화목해야 하는 관계,주일4부 뉴웨이브예배 실황,김승욱 목사,요한복음 14:6,2018-10-28
203,반드시 화목해야 하는 관계,주일 3부예배,김승욱 목사,요한복음 14:6,2018-10-28
204,은혜의 사신들,주일1부 이른예배,김승욱 목사,에베소서 2:4-7,2018-10-21
205,은혜의 사신들,주일4부 뉴웨이브예배 실황,김승욱 목사,에베소서 2:4-7,2018-10-21
206,은혜의 사신들,주일 3부예배,김승욱 목사,에베소서 2:4-7,2018-10-21
207,선교적 영성,주일1부 이른예배,이병수 목사,창세기 28:15,2018-10-14
208,주 내게 부탁하신 일,주일4부 뉴웨이브예배 실황,김승욱 목사,"마태복음 28:18-20, 24:14",2018-10-14
209,주 내게 부탁하신 일,주일 2부예배,김승욱 목사,"마태복음 28:18-20, 24:14",2018-10-14
210,선교! 선교는 하나님의 마당 앞에서 벌어지는 잔치 입니다.,주일1부 이른예배,윤영근 목사,마태복음 22:1-14,2018-10-07
211,한 알의 밀알,주일4부 뉴웨이브예배 실황,안만기 목사,요한복음 12:20-26,2018-10-07
212,일어나라 빛을 발하라,주일 2부예배,김승욱 목사,이사야 60:1-3,2018-10-07
213,용서의 영역,주일1부 이른예배,이병수 목사,마태복음 18:35,2018-09-30
214,용서와 화해를 통해 이뤄지는 하나님 나라,주일4부 뉴웨이브예배 실황,김승욱 목사,창세기 50:18-26,2018-09-30
215,용서와 화해를 통해 이뤄지는 하나님 나라,주일 2부예배,김승욱 목사,창세기 50:18-26,2018-09-30
216,모퉁잇돌의 은총,주일1부 이른예배,김민수 목사,2018-09-23,
217,이 땅 고쳐주소서,주일 3부예배,김승욱 목사,역대하 7:14,2018-09-23
218,이 땅 고쳐주소서,주일4부 뉴웨이브예배 실황,김승욱 목사,역대하 7:14,2018-09-23
219,출애굽 여정의 교훈,주일1부 이른예배,유장옥 목사,민수기 33:1-5,2018-09-16
220,치유되고 변화되어,주일4부 뉴웨이브예배 실황,김승욱 목사,누가복음 19:1-10,2018-09-16
221,치유되고 변화되어,주일 3부예배,김승욱 목사,누가복음 19:1-10,2018-09-16
222,다시 근원으로... 오직 은혜,주일 1부 이른예배,고대영 목사,시편 42:1-5,2018-09-09
223,거룩한 임재의 자리로,주일 3부예배,김승욱 목사,이사야 6:1-7,2018-09-09
224,거룩한 임재의 자리로,주일4부 뉴웨이브예배 실황,김승욱 목사,이사야 6:1-7,2018-09-09
225,하나님이 기억하시는 사람들,주일 1부 이른예배,백명렬 목사,느헤미야 3:1-5,2018-09-02
226,큰 파도여 잠잠하라,주일4부 뉴웨이브예배 실황,안만기 목사,마가복음 4:35-41,2018-09-02
227,은혜의 보좌 앞으로,주일 3부예배,김승욱 목사,히브리서 4:14-16,2018-09-02
228,사귐과 누림,주일 1부 이른예배,김정진 목사,요한일서 1:1-10,2018-08-26
229,성공이 아닙니다.,주일4부 뉴웨이브예배 실황,손경일 목사 / 미국 마운틴뷰 새누리교회 담임,누가복음 5:1-11,2018-08-26
230,믿음으로,주일 3부예배,손경일 목사 / 미국 마운틴뷰 새누리교회 담임,히브리서 11:4-5,2018-08-26
231,잠의 의미,주일 1부 이른예배,윤현준 목사,시편 127:1-2,2018-08-19
232,시편 23편 3 : 내 잔이 넘치나이다,주일4부 뉴웨이브예배 실황,김승욱 목사,시편 23:1-6,2018-08-19
233,시편 23편 3 : 내 잔이 넘치나이다,주일 2부예배,김승욱 목사,시편 23:1-6,2018-08-19
234,주와 같이 길 가는 것,주일 1부 이른예배,한용기 목사,창세기 5:21-27,2018-08-12
235,시편 23편 2 : 나는 두렵지 않습니다.,주일4부 뉴웨이브예배 실황,김승욱 목사,시편 23:1-6,2018-08-12
236,시편 23편 2 : 나는 두렵지 않습니다.,주일 3부예배,김승욱 목사,시편 23:1-6,2018-08-12
237,인도하심,주일 1부 이른예배,서계원 목사,출애굽기 6:13,2018-08-05
238,우리가 드릴 영적 예배,주일4부 뉴웨이브예배 실황,안만기 목사,로마서 12:1-2,2018-08-05
239,시편 23편 1 : 내게 부족함이 없습니다,주일 3부예배,김승욱 목사,시편 23:1-6,2018-08-05
240,기도 그 이후,주일 1부 이른예배,김병건 목사,열왕기상 18:41-46,2018-07-29
241,"하나님 나라, 디아스포라, 우리",주일4부 뉴웨이브예배 실황,김승욱 목사,"누가복음 17:20-21 , 다니엘 2:44",2018-07-29
242,"하나님 나라, 디아스포라, 우리",주일 3부예배,김승욱 목사,"누가복음 17:20-21 , 다니엘 2:44",2018-07-29
243,동행하는 믿음,주일 1부 이른예배,유장옥 목사,"창세기 5:21-24 , 히브리서 11:5-6",2018-07-22
244,충돌하는 세계관,주일 3부예배,김승욱 목사,사도행전 26: 21-26,2018-07-22
245,충돌하는 세계관,주일4부 뉴웨이브예배 실황,김승욱 목사,사도행전 26: 21-26,2018-07-22
246,영원한 나라 백성으로 살라,주일 1부 이른예배,이병수 목사,베드로후서 1:10-11,2018-07-15
247,교회를 향한 하나님의 약속,주일4부 뉴웨이브예배 실황,김승욱 목사,사도행전 20:28-32,2018-07-15
248,교회를 향한 하나님의 약속,주일 2부예배,김승욱 목사,사도행전 20: 28-32,2018-07-15
249,주님의 사랑법,주일 1부 이른예배,김민수 목사,요한복음 13:1-8,2018-07-08
250,아침마다 새로운 주의 신실하심,주일 2부예배,김승욱 목사,예레미야애가 3:22-26,2018-07-08
251,아침마다 새로운 주의 신실하심,주일4부 뉴웨이브예배 실황,김승욱 목사,예레미야애가 3:22-26,2018-07-08
252,반드시 주님은 오십니다.,주일 1부 이른예배,윤영근 목사,다니엘 10:10-14,2018-07-01
253,하나님 나라에 속한 자들,주일4부 뉴웨이브예배 실황,안만기 목사,마가복음 6:7-13,2018-07-01
254,사람은 무엇으로 사는가,주일 2부예배,정창균 목사 / 합동신학대학원대학교 총장,에베소서 6:24,2018-07-01
255,하나님이 씨름을 걸어오실때,주일 1부 이른예배,고대영 목사,창세기 32:21-30,2018-06-24
256,하나님의 생각,주일4부 뉴웨이브예배 실황,김상복 목사,예레미야 29: 10-14,2018-06-24
257,하나님의 생각,주일 3부예배,김상복 목사,예레미야 29: 10-14,2018-06-24
258,내일을 준비하는 사람,주일 1부 이른예배,백명렬 목사,느헤미야 2:1~10,2018-06-17
259,죽은 예수를 사랑하는 사람들,주일4부 뉴웨이브예배 실황,임헌만 목사 / 행복드림교회 담임목사,요한복음 19: 38~42,2018-06-17
260,죽은 예수를 사랑하는 사람들,주일 3부예배,임헌만 목사 / 행복드림교회 담임목사,요한복음 19:38~42,2018-06-17
261,은혜를 유통하는 삶,주일 1부 이른예배,서계원 목사,마태복음 20:1-16,2018-06-10
262,골로새서 20 : 동역의 기쁨,주일4부 뉴웨이브예배 실황,김승욱 목사,골로새서 4: 7~18,2018-06-10
263,골로새서 20 : 동역의 기쁨,주일 3부예배,김승욱 목사,골로새서 4:7~18,2018-06-10
264,미운 사람 기도 한 번 더 해주자,주일 1부 이른예배,유장옥 목사,시편 83:1-18,2018-06-03
265,깨어있는 영성으로 복음을 살라,주일4부 뉴웨이브예배 실황,안만기 목사,골로새서 4:2-6,2018-06-03
266,골로새서 19 마지막 권면 : 기도와 지혜로,주일 3부예배,김승욱 목사,골로새서 4:2-6,2018-06-03
267,하나님의 영이 움직이게 하십시오,주일 1부 이른예배,한용기 목사,스가랴 4:1-10,2018-05-27
268,골로새서 18 : 예수님을 주로 삼은 고용인과 고용주,주일 4부 뉴웨이브예배실황,김승욱 목사,골로새서 3:22-4:1,2018-05-27
269,골로새서 18 : 예수님을 주로 삼은 고용인과 고용주,주일 3부 예배,김승욱 목사,골로새서 3:22-4:1,2018-05-27
270,그리하면 너와 네 집이 구원을 받으리라,주일 4부 뉴웨이브예배,김승욱 목사,사도행전 16:31,2018-05-20
271,다음세대를 위해 해야할 일,주일 1부 이른예배,윤영근 목사,에스겔 37:1-14,2018-05-13
272,골로새서 17 : 예수님을 주로 삼은 자녀와 부모,주일 3부 예배,김승욱 목사,골로새서 3:20-21,2018-05-13
273,다음세대를 위해 해야할 일,주일 1부 이른예배,윤현준 목사,시편 78:1-8,2018-05-06
274,하나님과의 관계를 확신하십시오,주일 1부 이른예배,김민수 목사,시편 23:1-6,2018-04-29
275,골로새서 15 : 우리가 새로 입어야 할 하늘의 모습,주일4부 뉴웨이브예배(실황),김승욱 목사,골로새서 3:12-17,2018-04-29
276,골로새서 15 : 우리가 새로 입어야 할 하늘의 모습,주일 3부 예배,김승욱 목사,골로새서 3:12-17,2018-04-29
277,새 사람,주일1부 이른예배,이병수 목사,골로새서 3:10,2018-04-22
278,골로새서 14 : 우리가 벗어 버려야 할 땅의 모습,주일4부 뉴웨이브예배(실황),김승욱 목사,골로새서 3:5-11,2018-04-22
279,골로새서 14 : 우리가 벗어 버려야 할 땅의 모습,주일3부 예배,김승욱 목사,골로새서 3:5-11,2018-04-22
280,오직 예수,주일1부 이른예배,고대영 목사,에베소서 4:4-10,2018-04-15
281,위의 것을 찾으라,주일4부 뉴웨이브예배(실황),안만기 목사,골로새서 3:1-4,2018-04-15
282,골로새서 13 : 주님과 함께 다시 살게 되었으니,주일3부 예배,김승욱 목사,골로새서 3:1-4,2018-04-15
283,하나님은 우리의 피난처,주일1부 이른예배,백명렬 목사,시편 46:1-11,2018-04-08
284,다시 서십시오,주일3부 예배,김승욱 목사,시편 73:21-28,2018-04-08
285,다시 서십시오,주일4부 뉴웨이브예배(실황),김승욱 목사,시편 73:21-28,2018-04-08
286,내가 예수 그리스도의 부활을 믿는 이유,주일1부 이른예배,김승욱 목사,"고린도전서 15:14, 로마서 8:11",2018-04-01
287,내가 예수 그리스도의 부활을 믿는 이유,주일4부 뉴웨이브예배(실황),김승욱 목사,"고린도전서 15:14, 로마서 8:11",2018-04-01
288,내가 예수 그리스도의 부활을 믿는 이유,주일3부 예배,김승욱 목사,"고린도전서 15:14, 로마서 8:11",2018-04-01
289,십자가를 향한 행진,주일1부 이른예배,서계원 목사,마태복음 21:1-11,2018-03-25
290,고난의 시작 : 나귀를 타고 오시는 왕,주일3부 예배,김승욱 목사,마태복음 21:1-11,2018-03-25
291,고난의시작 : 나귀를 타고 오시는 왕,주일4부 뉴웨이브예배(실황),김승욱 목사,마태복음 21:1-11,2018-03-25
292,내 안에 예수가 있습니까?,주일1부 이른예배,김정진 목사,사도행전 3:1-10,2018-03-18
293,힘을 다하여 하나님을 사랑합시다 - 어떻게?(How),주일3부 예배,김승욱 목사,"로마서 12:1, 고린도전서 10:31",2018-03-18
294,힘을 다하여 하나님을 사랑합시다 - 어떻게?(How),주일4부 뉴웨이브예배(실황),김승욱 목사,"로마서 12:1, 고린도전서 10:31",2018-03-18
295,그의 백성 된 자는,주일1부 이른예배,한용기 목사,에스라 1:3-4,2018-03-11
296,힘을 다하여 하나님을 사랑합시다 - 왜?(Why),주일2부 예배,김승욱 목사,로마서 6:1-6,2018-03-11
297,힘을 다하여 하나님을 사랑합시다 - 왜?(Why),주일4부 뉴웨이브예배(실황),김승욱 목사,로마서 6:1-6,2018-03-11
298,선으로 바꾸시는 하나님,주일1부 이른예배,윤현준 목사,창세기 50:20,2018-03-04
299,사랑의 현장으로 나아갑시다,주일2부 예배,김승욱 목사,요한일서 3:14-24,2018-03-04
300,사랑의 현장으로 나아갑시다,주일4부 뉴웨이브예배(실황),김승욱 목사,요한일서 3:14-24,2018-03-04
301,가능하게 하시는 하나님,주일1부 이른예배,김병건 목사,데살로니가전서 5:16-24,2018-02-25
302,주의 영광으로 우리 땅에 머무소서,주일4부 뉴웨이브예베(실황),김승욱 목사,시편 85:1-13,2018-02-25
303,주의 영광으로 우리 땅에 머무소서,주일2부 예배,김승욱 목사,시편 85:1-13,2018-02-25
304,쿰:이에 주의 백성이 일어나다,주일1부 이른예배,윤영근 목사,에스라 10:1-17,2018-02-18
305,뜻을 다하여 하나님을 사랑합시다 - 어떻게?(How),주일4부 뉴웨이브예배(실황),김승욱 목사,베드로전서 1:13-21,2018-02-18
306,뜻을 다하여 하나님을 사랑합시다-어떻게?(How),주일3부 예배,김승욱 목사,베드로전서 1:13-21,2018-02-18
307,하나님의 뜻을 이루어가는 방법,주일1부 이른예배,고대영 목사,창세기 27:1-13,2018-02-11
308,뜻을 다하여 하나님을 사랑합시다-왜?(Why),주일3부 예배,김승욱 목사,에베소서 2:1-7,2018-02-11
309,뜻을 다하여 하나님을 사랑합시다-왜?(Why),주일4부 뉴웨이브예배(실황),김승욱 목사,에베소서 2:1-7,2018-02-11
310,믿음의 말이 능력입니다,주일1부 이른예배,유장옥 목사,민수기 14:26-35,2018-02-04
311,목숨을 다하여 하나님을 사랑합시다-어떻게?(How),주일4부 뉴웨이브예배(실황),김승욱 목사,시편 19:7-14,2018-02-04
312,목숨을 다하여 하나님을 사랑합시다-어떻게?(How),주일2부 예배,김승욱 목사,시편 19:7-14,2018-02-04
313,의의 무기로 하나님께 드려라,주일1부 이른예배,백명렬 목사,로마서 6:12-15,2018-01-28
314,목숨을 다하여 하나님을 사랑합시다-왜?(Why),주일3부 예배,김승욱 목사,요한복음 15:4-8,2018-01-28
315,목숨을 다하여 하나님을 사랑합시다-왜?(Why),주일4부 뉴웨이브예배(실황),김승욱 목사,요한복음 15:4-8,2018-01-28
316,씨 뿌리는 비유,주일1부 이른예배,김민수 목사,마태복음 13:1-9,2018-01-21
317,마음을 다하여 하나님을 사랑합시다 - 어떻게?(How),주일4부 뉴웨이브예배(실황),김승욱 목사,빌립보서 3:7-14,2018-01-21
318,마음을 다하여 하나님을 사랑합시다 - 어떻게?(How),주일예배,김승욱 목사,빌립보서 3:7-14,2018-01-21
319,안식,주일1부 이른예배,이병수 목사,시편 118:24,2018-01-14
320,마음을 다하여 하나님을 사랑합시다 - 왜?(Why),주일4부 뉴웨이브예배(실황),김승욱 목사,신명기 6:6-15,2018-01-14
321,마음을 다하여 하나님을 사랑합시다 - 왜?(Why),주일3부 예배,김승욱 목사,신명기 6:6-15,2018-01-14
322,"간절한 믿음, 넘치는 사랑",주일1부 이른예배,서계원 목사,마가복음 2:1-12,2018-01-07
323,가장 크고 첫째 되는 계명,주일3부 예배,김승욱 목사,마가복음 12:28-31,2018-01-07
324,오직 성령으로,주일예배,김승욱 목사,스가랴 4:6 - 9,2017-12-31
325,하나님과의 사귐,주일예배,김승욱 목사,요한일서 1:1-4,2017-12-24
326,(골로새서 12) 깨어 경계하십시오,주일예배,김승욱 목사,골로새서 2:16-23,2017-12-17
327,(골로새서 11) 짐을 벗어버립시다,주일예배,김승욱 목사,골로새서 2:13-15,2017-12-10
328,(골로새서10) 사로잡히지 마십시오,주일예배,김승욱 목사,골로새서 2:8-12,2017-12-03
329,(골로새서 9) 예수님으로 충만한 삶,주일예배,김승욱 목사,골로새서 2:1-7,2017-11-26
330,(골로새서 8) 교회의 영광을 위하여,주일예배,김승욱 목사,골로새서 1:24-29,2017-11-19
331,부르심의 한 소망,주일예배,김승욱 목사,"에베소서 4:4-6, 16",2017-11-12
332,(골로새서 7) 하나님과 화목하였으니,주일예배,김승욱 목사,골로새서 1:21-23,2017-11-05
333,"하나 되어, 거룩하여, 섬기게 하소서(일치, 갱신, 섬김)",주일예배,손인웅 목사 / 덕수교회 원로목사,"요한복음 17:11-26, 야고보서 1:17-23",2017-10-29
334,"(골로새서 6) 구원의 주, 예수 그리스도",주일예배,김승욱 목사,골로새서 1:18-20,2017-10-22
335,(골로새서 5) 만유의 주가 되시는 예수 그리스도,주일예배,김승욱 목사,골로새서 1:15-17,2017-10-15
336,하나님의 새 일을 기대하며,주일예배,김승욱 목사,이사야 43:14-21,2017-10-08
337,(골로새서 4) 능력의 삶,주일예배,김승욱 목사,골로새서 1:11-14,2017-10-01
338,(골로새서 3) 하나님의 뜻을 깨달아,주일예배,김승욱 목사,골로새서 1:9-10,2017-09-24
339,(골로새서 2) 은혜로다,주일예배,김승욱 목사,골로새서 1:6-8,2017-09-17
340,(골로새서 1) 복음으로 소망으로,주일예배,김승욱 목사,골로새서 1:1-5,2017-09-10
341,"종교인가, 복음인가?",주일예배,김승욱 목사,로마서 7:22-8:2,2017-09-03
342,영혼의 빛,주일예배,신현규 목사,사도행전 9:1-7,2017-08-27
343,하나님이 아버지여서 너무 좋습니다,주일예배,유장옥 목사,이사야 63:8-10,2017-08-20
344,"쉼의 행복, 일의 기쁨",주일예배,현유광 목사 / 고려신학대학원 명예교수,창세기 1:26-2:3,2017-08-13
345,진리와 자유,주일예배,김상복 목사,요한복음 8:31-36,2017-08-06
346,밭에서 보화를 보는 시선,주일예배,김민수 목사,마태복음 13:44,2017-07-30
347,나를 구원하시는 하나님 나를 인도하사,주일예배,김성국 목사 / 미국 퀸즈장로교회 담임목사,미가 7:7-9,2017-07-23
348,"내 영혼아, 네가 어찌하여 낙심하는가?",주일예배,윤현준 목사,시편 42:1-11,2017-07-16
349,충성된 사람이 잘 된다,주일예배,김상복 목사,마태복음 25:14-29,2017-07-09
350,감사의 비결,주일예배,서계원 목사,골로새서 3:15-17,2017-07-02
351,하나님 나라를 세워가는 성품,주일예배,고대영 목사,베드로후서 1:3-7,2017-06-25
352,하나님 사랑이 답이다,주일예배,김상복 목사,신명기 10:12-15,2017-06-18
353,사람의 미혹,주일예배,탁지일 목사 / 현대종교 이사장,마태복음 24:3-5,2017-06-11
354,성령,주일예배,이병수 목사,고린도후서 3:17,2017-06-04
355,행복을 말하다,주일예배,김상인 목사,시편 1:1-6,2017-05-28
356,즐거움을 주는 말씀,주일예배,박희천 목사 / 내수동 장로교회 원로목사,시편 119:24,2017-05-21
357,관계가 좋아야 인생이 풍요롭다,주일예배,김병건 목사,요한복음 15:1-10,2017-05-14
358,큰 기쁨 큰 고통,주일예배,김상복 목사,에배소서 6:1-4,2017-05-07
359,행복한 가정,주일예배,백명렬 목사,사도행전 10:1-8,2017-04-30
360,열매맺는 신앙인의 삶,주일예배,한용기 목사,야고보서 5:7-8,2017-04-23
361,영광스러운 부활의 몸,주일예배,김상복 목사,로마서 8:29-30,2017-04-16
362,오직 믿음으로,주일예배,"김용의 선교사 / 순회선교단 선교사, LOG미션 대표",로마서 1:16-17,2017-04-09
363,"십자가, 오늘을 사는 힘",주일예배,김정진 목사,갈라디아서 2:20,2017-04-02
364,사명의 자리로 나아가기 위해,주일예배,안만기 목사,여호수아 1:1-9,2017-03-26
365,내일도 해는 동편에 뜬다,주일예배,김상복 목사,예레미야애가 3:19-26,2017-03-19
366,"구원의 이름, 예수",주일예배,서계원 목사,"사도행전 3:1-10, 4:12",2017-03-12
367,주님의 임재 속에서,주일예배,케네스 배 선교사/서빙라이프(북한인권 국제NGO) 대표,베드로전서 5:7,2017-03-05
368,절대 선하신 우리 하나님,주일예배,김승욱 목사,시편 136:1,2017-02-26
369,힘써 여호와를 알자,주일예배,김승욱 목사,호세아 6:1-3,2017-02-19
370,염려하지 마십시오,주일예배,김승욱 목사,마태복음 6:25-34,2017-02-12
371,이제 우리가 추구해야 하는 온전한 삶,주일예배,김승욱 목사,히브리서 10:14-18,2017-02-05
372,한번의 제사로 영원히 온전하게 하셨느니라,주일예배,김승욱 목사,히브리서 10:1-14,2017-01-29
373,하갈의 하나님,주일예배,김승욱 목사,창세기 21:8-21,2017-01-22
374,말씀의 사람들이 됩시다,주일예배,김승욱 목사,잠언 2:1-8,2017-01-15
375,은총(His Favor),주일예배,김승욱 목사,시편 90:17,2017-01-08
376,하나님은 우리의 영원한 거처,주일예배,김승욱 목사,시편 90:1-2,2017-01-01
377,(강림일) 기뻐하며 자유합니다,주일예배,김승욱 목사,마태복음 1:18-25,2016-12-25
378,(대강절 3) 진심으로 사모합니다,주일예배,김승욱 목사,마가복음 14:1-11,2016-12-18
379,(대강절 2) 소망을 찾아 나옵니다,주일예배,김승욱 목사,누가복음 2:8-20,2016-12-11
380,(대강절 1) 갈망하며 기다립니다,주일예배,김승욱 목사,누가복음 2:25-38,2016-12-04
381,미혹을 받지 않도록 주의하십시오,주일예배,김승욱 목사,사도행전 20:29-32,2016-11-27
382,진리가 우리를 자유케 합니다,주일예배,김승욱 목사,요한복음 8:32,2016-11-20
383,내가 하나님을 믿는 이유,주일예배,김승욱 목사,사도행전 16:31,2016-11-13
384,여호와여 일어나옵소서,주일예배,김승욱 목사,시편 10:12-18,2016-11-06
385,주인의 기쁨,주일예배,김승욱 목사,마태복음 20:1-7,2016-10-30
386,일어나 주님을 위하여 일하십시오,주일예배,김승욱 목사,디모데전서 1:12,2016-10-23
387,(고린도후서 30) 하나님이 너희와 함께 계시리라,주일예배,김승욱 목사,고린도후서 13:11-13,2016-10-16
388,의인은 믿음으로 말미암아 살리라,주일예배,박용규 목사 / 총신대학교 신학대학원 역사신학 교수,로마서 1:16-17,2016-10-09
389,(고린도후서 29) 믿음의 푯대를 높이 잡으십시오,주일예배,김승욱 목사,고린도후서 13:1-10,2016-10-02
390,인자가 온 것은,주일예배,김승욱 목사,누가복음 19:9-10,2016-09-25
391,(고린도후서 28) 사랑의 경고,주일예배,김승욱 목사,고린도후서 12:14-21,2016-09-18
392,"(고린도후서 27) 나의 약함, 주의 능력",주일예배,김승욱 목사,고린도후서 12:1-10,2016-09-11
393,(고린도후서 26) 예수 그리스도의 종,주일예배,김승욱 목사,고린도후서 11:16-33,2016-09-04
394,(고린도후서 25) 주님의 순결한 신부,주일예배,김승욱 목사,고린도후서 11:1-15,2016-08-28
395,(고린도후서 24) 너희는 그러지 말라,주일예배,김승욱 목사,고린도후서 10:7-18,2016-08-21
396,(고린도후서 23) 우리 안에 무너뜨려야 할 벽,주일예배,김승욱 목사,고린도후서 10:1-6,2016-08-14
397,(고린도후서 22) 감동의 사람들,주일예배,김승욱 목사,고린도후서 9:6-15,2016-08-07
398,구원의 하나님이시라,주일예배,발터 하이덴라이히 목사,시편 68:20,2016-07-31
399,(고린도후서 21) 신실한 사람들,주일예배,김승욱 목사,고린도후서 8:16-24,2016-07-24
400,(고린도후서 20) 축복의 사람들,주일예배,김승욱 목사,고린도후서 8:8-15,2016-07-17
401,(고린도후서 19) 은혜의 사람들,주일예배,김승욱 목사,고린도후서 8:1-7,2016-07-10
402,하나님은 너를 만드신 분,주일예배,김승욱 목사,이사야 43:1,2016-07-03
403,하나님을 의지하며 도전하자!,주일예배,박성민 목사 / 한국 CCC 대표,사무엘상 17:41-49,2016-06-26
404,교회를 위한 우선순위 네 가지 (Four Priorities for the Church),주일예배,데이빗 다커리(David Dockery) / 트리니티,히브리서 10:19-25,2016-06-19
405,주 예수와 항상 동행하려면,주일예배,스티브 강(Steve Kang) / 트리니티 복음주의,누가복음 9:46-48,2016-06-19
406,보라 우리를 향하신 하나님의 사랑을,주일예배,김승욱 목사,요한일서 3:1,2016-06-12
407,"(고린도후서 18) 복음, 회복의 능력",주일예배,김승욱 목사,고린도후서 7:2-16,2016-06-05
408,(고린도후서 17) 구별된 삶을 사십시오!,주일예배,김승욱 목사,고린도후서 6:11-7:1,2016-05-29
409,(고린도후서 16) 복음의 역설적인 능력,주일예배,김승욱 목사,고린도후서 6:3-10,2016-05-22
410,(고린도후서15) 하나님의 은혜의 때,주일예배,김승욱 목사,고린도후서 5:20-6:2,2016-05-15
411,(고린도후서 14) 우리에게 부탁하신 일,주일예배,김승욱 목사,고린도후서 5:11-19,2016-05-08
412,"하나님, 제가 남자입니다",주일예배,김상복 목사,디모데전서 5:1-8,2016-05-01
413,(고린도후서 13) 주를 기쁘시게 하는 자가 되기를 힘쓰십시오,주일예배,김승욱 목사,고린도후서 5:1-10,2016-04-24
414,(고린도후서 12) 우리가 주목해야 하는 것,주일예배,김승욱 목사,고린도후서 4:12-18,2016-04-17
415,(고린도후서 11) 감당하게 하시는 하나님,주일예배,김승욱 목사,고린도후서 4:7-11,2016-04-10
416,(고린도후서 10) 영광스런 복음의 일꾼,주일예배,김승욱 목사,고린도후서 4:1-6,2016-04-03
417,(고린도후서 9) 소망 · 담대함 · 자유 · 변화,주일예배,김승욱 목사,고린도후서 3:12-18,2016-03-27
418,(고린도후서 8) 더욱 넘치는 영광,주일예배,김승욱 목사,고린도후서 3:7-11,2016-03-20
419,믿음으로 건너는 강,주일예배,서계원 목사,여호수아 3:7-17,2016-03-13
420,(고린도후서 7) 그리스도의 편지,주일예배,김승욱 목사,고린도후서 3:1-6,2016-03-06
421,(고린도후서 6) 그리스도의 향기,주일예배,김승욱 목사,고린도후서 2:12-17,2016-02-28
422,(고린도후서 5) 목자의 권면,주일예배,김승욱 목사,고린도후서 2:5-11,2016-02-21
423,(고린도후서 4) 목자의 마음,주일예배,김승욱 목사,고린도후서 1:23-2:4,2016-02-14
424,너희는 세상의 소금이니,주일예배,김승욱 목사,마태복음 5:13,2016-02-07
425,(고린도후서 3) 부담입니까 유익입니까?,주일예배,김승욱 목사,고린도후서 1:12-22,2016-01-31
426,(고린도후서 2) 모든 위로의 하나님,주일예배,김승욱 목사,고린도후서 1:3-11,2016-01-24
427,(고린도후서 1) 서론 - 사도의 편지,주일예배,김승욱 목사,고린도후서 1:1-2,2016-01-17
428,복음을 살게 하소서 2,주일예배,김승욱 목사,이사야 61:4-11,2016-01-10
429,복음을 살게 하소서 1,주일예배,김승욱 목사,이사야 61:1-3,2016-01-03
430,(느헤미야 17) 하나님 앞에서 살게 하소서,주일예배,김승욱 목사,"느헤미야 13:6-14, 22-31",2015-12-27
431,(느헤미야 16) 거룩한 백성의 구별된 모습,주일예배,김승욱 목사,느헤미야 12:27-47,2015-12-20
432,(느헤미야 15) 제사장 나라,주일예배,김승욱 목사,느헤미야 12:1-26,2015-12-13
433,(느헤미야 14) 과감한 믿음의 전진,주일예배,김승욱 목사,느헤미야 11:1-2,2015-12-06
434,(느헤미야 13) 산 제물로 드려지는 공동체,주일예배,김승욱 목사,느헤미야 10:28-39,2015-11-29
435,(느헤미야 12) 은혜의 기적,주일예배,김승욱 목사,느헤미야 9:1-5,2015-11-22
436,"""예수, 예수, 예수"" (Jesus, Jesus, Jesus) / ""예수 그리스도의 복음"" (The Gospel of Jesus Christ)",주일예배,김상복 원로목사 / 김승욱 담임목사,요한복음 14:12-18 / 누가복음 4:16-19,2015-11-15
437,(느헤미야 11) 말씀의 백성,주일예배,김승욱 목사,"느헤미야 8장 (봉독: 1-3, 5-6, 8-10, 13-18)",2015-11-08
438,(느헤미야 10) 언약의 백성,주일예배,김승욱 목사,느헤미야 7:5-10,2015-11-01
439,(느헤미야 9) 깨어 있으십시오!,주일예배,김승욱 목사,느헤미야 6:15-7:4,2015-10-25
440,(느헤미야 8) 너 하나님의 사람아!,주일예배,김승욱 목사,느헤미야 6:1-14,2015-10-18
441,변혁 운동,주일예배,김상복 목사,로마서 12:1-2,2015-10-11
442,(느헤미야 7) 우리를 정결케 하소서,주일예배,김승욱 목사,느헤미야 5:1-13,2015-10-04
443,우리를 향하신 하나님의 생각,주일예배,김승욱 목사,예레미야 29:11,2015-09-27
444,"(느헤미야 6) 교회를 살리소서, 우리를 살리소서",주일예배,김승욱 목사,느헤미야 4:14-23,2015-09-20
445,(느헤미야 5) 방해와 공격 가운데서도,주일예배,김승욱 목사,느헤미야 4:1-13,2015-09-13
446,(느헤미야 4) 예상치 않았던 이름들,주일예배,김승욱 목사,느헤미야 3:1-8,2015-09-06
447,(느헤미야 3) 연합의 도구,주일예배,김승욱 목사,느헤미야 2:11-20,2015-08-30
448,(느헤미야 2) 때가 차매,주일예배,김승욱 목사,느헤미야 2:1-10,2015-08-23
449,(느헤미야 1) 느헤미야의 기도,주일예배,김승욱 목사,느헤미야 1:1-11,2015-08-16
450,(느헤미야 5) 방해와 공격 가운데서도,주일예배,김승욱 목사,느헤미야 4:1-13,2015-09-13
451,(느헤미야 4) 예상치 않았던 이름들,주일예배,김승욱 목사,느헤미야 3:1-8,2015-09-06
452,(느헤미야 3) 연합의 도구,주일예배,김승욱 목사,느헤미야 2:11-20,2015-08-30
453,(느헤미야 2) 때가 차매,주일예배,김승욱 목사,느헤미야 2:1-10,2015-08-23
454,(느헤미야 1) 느헤미야의 기도,주일예배,김승욱 목사,느헤미야 1:1-11,2015-08-16
455,기쁨 본분 경외,주일예배,김승욱 목사,전도서 3:11-14,2015-08-09
456,때를 따라 아름답게 하시는 하나님,주일예배,김승욱 목사,전도서 3:1-11,2015-08-02
457,(복음의 계승 4) 진리의 터 위에 세워진 사람들,주일예배,김승욱 목사,디모데후서 3:14-4:5,2015-07-26
458,(복음의 계승 3) 언어의 영성,주일예배,김승욱 목사,디모데후서 2:14-26,2015-07-19
459,(복음의 계승 2) 은혜 안에서 강건한 사람들,주일예배,김승욱 목사,디모데후서 2:1-6,2015-07-12
460,(복음의 계승 1) 대가를 치르는 믿음,주일예배,김승욱 목사,디모데후서 1:8-14,2015-07-05
461,용서하며 살자,주일예배,김상복 목사,누가복음 23:26-38,2015-06-28
462,갇힌 자와 고난 받는 자들을 마음에 품자,음성만 송출,이반석 목사,히브리서 13:3,2015-06-21
463,하나님의 사랑 안에서 자신을 지키십시오,주일예배,김승욱 목사,유다서 1:20-25,2015-06-14
464,(사도신경 강해 18) 나는 영원히 사는 것을 믿습니다,주일예배,김승욱 목사,요한계시록 22:1-5,2015-06-07
465,(사도신경 강해 17) 나는 몸이 다시 사는 것을 믿습니다,주일예배,김승욱 목사,로마서 8:21-25,2015-05-31
466,(사도신경 강해 16) 나는 죄를 사하여 주시는 것을 믿습니다,주일예배,김승욱 목사,누가복음 18:9-14,2015-05-24
467,(사도신경 강해 15) 나는 성도들이 서로 교통하는 것을 믿습니다,주일예배,김승욱 목사,에베소서 4:16,2015-05-17
468,(사도신경 강해 14) 나는 거룩한 공회를 믿습니다,주일예배,김승욱 목사,고린도전서 1:2,2015-05-10
469,(사도신경 강해 13) 나는 성령을 믿습니다,주일예배,김승욱 목사,고린도전서 12:13,2015-05-03
470,(사도신경 강해 12) 저리로서 산 자와 죽은 자를 심판하러 오실 예수 그리스도,주일예배,김승욱 목사,마태복음 25:13,2015-04-26
471,(사도신경 강해 11) 하나님 우편에 앉아계신 예수 그리스도,주일예배,김승욱 목사,로마서 8:31-34,2015-04-19
472,(사도신경 강해 10) 하늘에 오르신 예수 그리스도,주일예배,김승욱 목사,사도행전 1:1-11,2015-04-12
473,(사도신경 강해 9) 장사한지 사흘 만에 죽은 자 가운데서 다시 살아나신 예수 그리스도,주일예배,김승욱 목사,베드로전서 1:3-4,2015-04-05
474,(사도신경 강해 8) 본디오 빌라도에게 고난을 받으사 십자가에 못박혀 죽으신 예수 그리스도,주일예배,김승욱 목사,베드로전서 2:22-25,2015-03-29
475,(사도신경 강해 7) 동정녀 마리아에게 나신 예수 그리스도,주일예배,김승욱 목사,"이사야 7:14, 갈라디아서 4:4-5",2015-03-22
476,(사도신경 강해 6) 성령으로 잉태하신 예수 그리스도,주일예배,김승욱 목사,마태복음 1:18-23,2015-03-15
477,(사도신경 강해 5) 우리 주 예수 그리스도,주일예배,김승욱 목사,사도행전 2:36,2015-03-08
478,(사도신경 강해 4) 하나님의 독생자 예수 그리스도,주일예배,김승욱 목사,에베소서 1:3-7,2015-03-01
479,(사도신경 강해 3) 하늘과 땅을 지으신 하나님을 믿습니다,주일예배,김승욱 목사,시편 95:3-7,2015-02-22
480,(사도신경 강해 2) 전능하신 하나님 아버지를 믿습니다,주일예배,김승욱 목사,마태복음 6:9-10,2015-02-15
481,(사도신경 강해 1) 나는 믿습니다,주일예배,김승욱 목사,누가복음 12:8-9,2015-02-08
482,주의 말씀을 내게 가르치소서,주일예배,김승욱 목사,시편 119:33-40,2015-02-01
483,다시 살게 하소서,주일예배,김승욱 목사,시편 119:17-32,2015-01-25
484,주 말씀 향하여,주일예배,김승욱 목사,시편 119:1-8,2015-01-18
485,하나님의 얼굴 빛을 우리에게 비추사,주일예배,김승욱 목사,시편 67:1-7,2015-01-11
486,성령의 기름 부으사...,주일예배,김승욱 목사,베드로전서 2:9,2015-01-04
487,나를 따르라,주일예배,김승욱 목사,요한복음 21:18-25,2014-12-28
488,나를 향한 주님의 계획,주일예배,김승욱 목사,요한복음 21:15-17,2014-12-21
489,우리를 찾아오시는 주님,주일예배,김승욱 목사,요한복음 21:1-14,2014-12-14
490,예수 그리스도로 충분합니다,주일예배,김승욱 목사,요한복음 20:24-31,2014-12-07
491,"새 시대, 새 능력, 새 사명",주일예배,김승욱 목사,요한복음 20:11-23,2014-11-30
492,보고 믿더라,주일예배,김승욱 목사,요한복음 20:1-10,2014-11-23
493,부르신 곳에서,주일예배,김승욱 목사,요한복음 19:38-42,2014-11-16
494,다 이루신 예수님,주일예배,김승욱 목사,요한복음 19:28-37,2014-11-09
495,십자가에 못 박힌 그리스도,주일예배,김승욱 목사,요한복음 19:17-27,2014-11-02
496,"하나님의 아들, 왕, 어린 양",주일예배,김승욱 목사,요한복음 19:6-16,2014-10-26
497,보라 이 사람이로다!,주일예배,김승욱 목사,요한복음 19:1-5,2014-10-19
498,대속하시는 예수님,주일예배,김승욱 목사,요한복음 18:38-40,2014-10-12
499,하나님의 나라,주일예배,김승욱 목사,요한복음 18:33-38,2014-10-05
500,왜 날 사랑하나,주일예배,김상복 목사,요한복음 3:16-21,2014-09-28
501,인생 7도의 삶,주일예배,김명혁 목사(강변교회 원로),"히브리서 11:13-14, 마태복음 8:20",2014-09-21
502,복음 3도의 삶,주일예배,김명혁 목사(강변교회 원로),"고린도전서 1:23-25, 사도행전 10:38",2014-09-21
503,선교 7도의 삶,주일예배,김명혁 목사(강변교회 원로),"요한복음 1:14, 마가복음 10:45",2014-09-21
504,구원하시는 하나님의 열심,주일예배,김승욱 목사,요한복음 18:28-32,2014-09-14
505,피고석의 예수님,주일예배,김승욱 목사,요한복음 18:19-24,2014-09-07
506,베드로의 실족,주일예배,김승욱 목사,"요한복음 18:12-18, 25-27",2014-08-31
507,내가 그니라,주일예배,김승욱 목사,요한복음 18:1-11,2014-08-24
508,오직 예수 나의 믿음,주일예배,김승욱 목사,요한복음 17:25-26,2014-08-17
509,하나 되게 하소서,주일예배,김승욱 목사,요한복음 17:20-24,2014-08-10
510,진리로 거룩하게 하옵소서,주일예배,김승욱 목사,요한복음 17:14-19,2014-08-03
511,라합의 믿음,주일예배,김승욱 목사,"히브리서 11:31, 여호수아 2:8-13",2014-07-27
512,아버지여 저들을 보호하소서,주일예배,김승욱 목사,요한복음 17:11-13,2014-07-20
513,아들에게 맡겨주신 사람들,주일예배,김승욱 목사,요한복음 17:6-10,2014-07-13
514,아들을 영화롭게 하옵소서,주일예배,김승욱 목사,요한복음 17:1-5,2014-07-06
515,내가 세상을 이기었노라,주일예배,김승욱 목사,요한복음 16 : 25 - 33,2014-06-29
516,오직 예수,주일예배,박종순 목사 / 충신교회 원로목사,요한복음 3:14-16,2014-06-22
517,감사의 파워,주일예배,최홍준 목사 / 호산나교회 원로목사,시편 103:1-5,2014-06-15
518,아침에는 기쁨이 오리로다,주일예배,김승욱 목사,요한복음 16:16-24,2014-06-08
519,우리 안에서 행하시는 성령님,주일예배,김승욱 목사,요한복음 16:12-15,2014-06-01
520,성령이 임하시면,주일예배,김승욱 목사,사도행전 1:8,2014-05-25
521,이 민족이 사는 길,주일예배,손인식 목사 / 전 베델한인교회 담임목사 KCC국제대표,누가복음 10:33-37,2014-05-18
522,이런 일에 본이 되십시오,주일예배,김승욱 목사,디모데전서 4 : 12,2014-05-11
523,너 하나님의 사람아,주일예배,김승욱 목사,디모데전서 6 : 11 - 12,2014-05-04
524,여호와 내 하나님이여,주일예배,김승욱 목사,시편 13편,2014-04-27
525,그 날 아침에 들려진 메세지,주일예배,김승욱 목사,마태복음 28:1-10,2014-04-20
526,성령의 도구로 사십시오,주일예배,김승욱 목사,요한복음 16 : 5 - 11,2014-04-13
527,세 개의 십자가,주일예배,고석찬 목사 / 남가주 사랑의 교회 선임목사,누가복음 23:39-43,2014-04-06
528,시련 중에도 증인으로 사십시오,주일예배,김승욱 목사,요한복음 15:26-16:4,2014-03-30
529,예수님께 속한 자입니까?,주일예배,김승욱 목사,요한복음 15 : 18 - 25,2014-03-23
530,그 날 아침에 들려진 메세지,주일예배,김승욱 목사,마태복음 28:1-10,2014-04-20
531,성령의 도구로 사십시오,주일예배,김승욱 목사,요한복음 16 : 5 - 11,2014-04-13
532,세 개의 십자가,주일예배,고석찬 목사 / 남가주 사랑의 교회 선임목사,누가복음 23:39-43,2014-04-06
533,시련 중에도 증인으로 사십시오,주일예배,김승욱 목사,요한복음 15:26-16:4,2014-03-30
534,예수님께 속한 자입니까?,주일예배,김승욱 목사,요한복음 15 : 18 - 25,2014-03-23
535,가장 큰 사랑,주일예배,김승욱 목사,요한복음 15 : 12 - 17,2014-03-16
536,내 안에 거하라,주일예배,김승욱 목사,요한복음 15:6-11,2014-03-09
537,나는 참 포도나무요,주일예배,김승욱 목사,요한복음 15:1-5,2014-03-02
538,주님의 평화,주일예배,김승욱 목사,요한복음 14:27-31,2014-02-23
539,우리의 스승 되시는 성령님,주일예배,김승욱 목사,요한복음 14 : 25 - 26,2014-02-16
540,주님과의 연합,주일예배,김승욱 목사,요한복음 14:15-24,2014-02-09
541,성령충만한 가정생활,주일예배,김상복 원로목사,에베소서 5:15-28,2014-02-02
542,예수님으로 충만하게 하소서,주일예배,김승욱 목사,에베소서 4:13,2014-01-26
543,하나되게 하소서,주일예배,김승욱 목사,에베소서 4:13,2014-01-19
544,예수님을 아는 일에 하나 되게 하소서,주일예배,김승욱 목사,에베소서 4:13,2014-01-12
545,예수님을 믿는 것에 하나가 되게 하소서,주일예배,김승욱 목사,에베소서 4:13,2014-01-05
546,나의 영혼이 잠잠히 하나님만 바람이여,주일예배,김승욱 목사,시편 62:1-12,2013-12-29
547,이보다 더 큰 일을 하리라,주일예배,김승욱 목사,요한복음 14 : 12 - 14,2013-12-22
548,하나님을 보려면,주일예배,김승욱 목사,요한복음 14 : 7 - 11,2013-12-15
549,오직 예수님으로만,주일예배,김승욱 목사,요한복음 14 : 4 -6,2013-12-08
550,너희는 마음에 근심하지 말라,주일예배,김승욱 목사,요한복음 14:1-3,2013-12-01
551,우리들은 약하나,주일예배,김승욱 목사,요한복음 13 : 36 ~ 38,2013-11-24
552,반석 위에 세운 교회,주일예배,김상복 목사,마태복음 16 : 13 -18,2013-11-17
553,새 계명,주일예배,김승욱 목사,요한복음 13 : 33 ~ 35,2013-11-10
554,그리스도의 영광,주일예배,김승욱 목사,요한복음 13 : 31 ~ 32,2013-11-03
555,예수님을 거부한 자,주일예배,김승욱 목사,요한복음 13 : 21 ~ 30,2013-10-27
556,보내소서,주일예배,김승욱 목사,요한복음 13 : 18 ~ 20,2013-10-20
557,너희가 이것을 알고 행하면 복이 있으리라,주일예배,김승욱 목사,요한복음 13 : 12 ~ 17,2013-10-13
558,"십자가의 보혈, 완전하신 사랑",주일예배,김승욱 목사,요한복음 13 : 2 ~ 11,2013-10-06
559,사랑하시되 끝까지 사랑하시니라,주일예배,김승욱 목사,요한복음 13 : 1,2013-09-29
560,가장 큰 계명,주일예배,김상복 원로목사,마태복음 22 : 34 ~ 40,2013-09-22
561,예수님의 선언 II,주일예배,김승욱 목사,요한복음 12:47 ~ 50,2013-09-15
562,예수님의 선언 I,주일예배,김승욱 목사,요한복음 12 : 44 ~ 46,2013-09-08
563,빗나간 사랑,주일예배,김승욱 목사,마태복음 10 : 37~39,2013-09-01
564,그들이 믿지 못한 것은,주일예배,김승욱 목사,요한복음 12:37-43,2013-08-25
565,빛의 자녀들이 되십시오,주일예배,김승욱 목사,요한복음 12 : 34 ~ 36,2013-08-18
566,예수님의 결단,주일예배,김승욱 목사,요한복음 12 : 27 ~ 33,2013-08-11
567,예수를 뵈옵고자 하나이다,주일예배,김승욱 목사,요한복음 12 : 20 ~ 26,2013-08-04
568,주의 뜻이 이루어 지이다,주일예배,김승욱 목사,요한복음 12 : 12~19,2013-07-28
569,그리스도의 편지,주일예배,김승욱 목사,요한복음 12 : 9 ~ 11,2013-07-21
570,깨트려 부어진 사랑,주일예배,김승욱 목사,요한복음 12 : 1~8,2013-07-14
571,놀라운 사랑,주일예배,김승욱 목사,요한복음 11:45~57,2013-07-07
572,일곱번째 표적,주일예배,김승욱 목사,요한복음 11:38~44,2013-06-30
573,사랑의 능력,주일예배,정민용 목사(일리노이주립대학 커비넨트휄로십교회 담임),고린도전서 13:1~13,2013-06-23
574,예수님의 눈물,주일예배,김승욱 목사,요한복음 11:28~37,2013-06-16
575,깨트려 부어진 사랑,주일예배,김승욱 목사,요한복음 12 : 1~8,2013-07-14
576,놀라운 사랑,주일예배,김승욱 목사,요한복음 11:45~57,2013-07-07
577,일곱번째 표적,주일예배,김승욱 목사,요한복음 11:38~44,2013-06-30
578,사랑의 능력,주일예배,정민용 목사(일리노이주립대학 커비넨트휄로십교회 담임),고린도전서 13:1~13,2013-06-23
579,예수님의 눈물,주일예배,김승욱 목사,요한복음 11:28~37,2013-06-16
580,부활의 능력으로 살게 하소서,주일예배,김승욱 목사,요한복음 11:17~27,2013-06-09
581,열방이 보고 알리라,주일예배,김승욱 목사,이사야 41:11~20,2013-06-02
582,내가 땅끝에서부터 너를 붙들며,주일예배,김승욱 목사,이사야 41:1~10,2013-05-26
583,내가 그리스도와 함께,주일예배,윤종일 목사,갈라디아서 2:20~21,2013-05-19
584,하나님의 평화,주일예배,김상복 목사,빌립보서 4:4~8,2013-05-12
585,주 말씀 향하여,주일예배,김승욱 목사,요한복음 11:7~16,2013-05-05
586,사랑받는 자에게 임한 고난,주일예배,김승욱 목사,요한복음 11:1~6,2013-04-28
587,은혜의 강가로 나오십시오,주일예배,김승욱 목사,요한복음 10:30~42,2013-04-21
588,이제는 주님을 신뢰하고 믿으십시오,주일예배,김승욱 목사,요한복음10:19~29,2013-04-14
589,아버지의 마음,주일예배,김승욱 목사,레위기 19:9~10,2013-04-07
590,그리스도의 장성한 분량,주일예배,김승욱 목사,엡 4:13,2013-03-31
591,참 마음과 온전한 믿음으로,주일예배,김승욱 목사,히 10:22,2013-03-24
592,주 너의 하나님을 경외하라,주일예배,김승욱 목사,레 19:32,2013-03-17
593,거룩한 산 제물,주일예배,김승욱 목사,로마서 12:1-2,2013-03-10
594,온전한 사랑,주일예배,김승욱 목사,요한일서 4:15-21,2013-03-03
595,형제의 연합,주일예배,김승욱 목사,시편 133:1-3,2013-02-24
596,둘로 하나를 만드사,주일예배,김승욱 목사,에베소서 2:13-18,2013-02-17
597,오직 나와 내집은,주일예배,김승욱 목사,여호수아 23:14-18,2013-02-10
598,이 산지를 내게 주소서,주일예배,김승욱 목사,여호수아 14:6-15,2013-02-03
599,"공동체,리더십,거룩한 삶",주일예배,김승욱 목사,여호수아 7:1-5,2013-01-27
600,여리고를 무너뜨리려면,주일예배,김승욱 목사,여호수아 6:1-9,2013-01-20
601,언약의 백성들,주일예배,김승욱 목사,여호수아 5:1-12,2013-01-13
602,주님과 함께 전진하게 하소서,주일예배,김승욱 목사,여호수아 3:17,2013-01-06
603,나는 선한 목자라,주일예배,김승욱 목사,요한복음 10:11-18,2012-12-30
604,나는 양의 문이라,주일예배,김승욱 목사,요한복음 10:1-10,2012-12-23
605,보지 못하는 사람들,주일예배,김승욱 목사,요한복음 9:39-41,2012-12-16
606,주여 내가 믿나이다,주일예배,김승욱 목사,요한복음 9: 35-38,2012-12-09
607,우리가 아는 것,주일예배,김승욱 목사,요한복음 9:24-34,2012-12-02
608,사람을 두려워 함,주일예배,김승욱 목사,요한복음 9:13-23,2012-11-25
609,"교회의 승리, 교회의 사명",주일예배,김승욱 목사,마태복음 16:18-19,2012-11-18
610,아버지의 마음,주일예배,김진영 목사,누가복음 15:25-32,2012-11-11
611,섬기는 자의 영광,주일예배,김승욱 목사,마태복음 20:28,2012-11-04
612,선한 일을 위해 지으심을 받은 우리,주일예배,김승욱 목사,에베소서 2:10,2012-10-28
613,감사의 생활화,주일예배,김상복 목사,데살로니가전서 5:16-18,2012-10-21
614,예배가 예배되게 하소서,주일예배,김승욱 목사,로마서 12:1~5,2012-10-14
615,함께 지어져 가는 하나님의 교회,주일예배,김승욱 목사,에베소서 2:19~22,2012-10-07
616,(요한복음강해 45) 여섯 번째 표적,주일예배,김승욱 목사,요한복음 9:1~12,2012-09-30
617,(요한복음강해 44) 예수님은 하나님이신가?,주일예배,김승욱 목사,요한복음 8:52~59,2012-09-23
618,(요한복음강해 43) 사망에서 생명으로,주일예배,김승욱 목사,요한복음 8:43~51,2012-09-16
619,"(요한복음강해 42) 예수 사랑, 말씀 사랑",주일예배,김승욱 목사,요한복음 8:37~42,2012-09-09
620,은혜의 영성,주일예배,김선만 목사,디모데전서 :12~17,2012-09-02
621,"(요한복음강해 41) 참된 제자, 참된 자유",주일예배,김승욱 목사,요한복음 8:31~36,2012-08-26
622,(요한복음강해 40) 십자가의 예수님으로만,주일예배,김승욱 목사,요한복음 8:19~30,2012-08-19
623,아버지의 유익한 훈계,주일예배,김승욱 목사,히브리서 12:4~13,2012-08-12
624,하나님의 권위를 존중하라,주일예배,최홍준 목사,요한복음 13:20,2012-08-05
625,은혜의 영성,주일예배,김선만 목사,디모데전서 :12~17,2012-09-02
626,"(요한복음강해 41) 참된 제자, 참된 자유",주일예배,김승욱 목사,요한복음 8:31~36,2012-08-26
627,(요한복음강해 40) 십자가의 예수님으로만,주일예배,김승욱 목사,요한복음 8:19~30,2012-08-19
628,아버지의 유익한 훈계,주일예배,김승욱 목사,히브리서 12:4~13,2012-08-12
629,하나님의 권위를 존중하라,주일예배,최홍준 목사,요한복음 13:20,2012-08-05
630,이사야가 본 예수님의 영광,주일예배,정민용 목사,요한복음 12:37~41,2012-07-29
631,예수님과 만남에서 얻는 축복,주일예배,임창하 목사,요한복음 4:4~30,2012-07-22
632,반쪽짜리 신앙,주일예배,김상복 목사,창세기 28:10~22,2012-07-15
633,(요한복음강해 39) 참된 증언,주일예배,김승욱 목사,요한복음 8:13~18,2012-07-08
634,(요한복음강해 38) 빛 되신 주,주일예배,김승욱 목사,요한복음 8:12,2012-07-01
635,(요한복음강해 37) 우리의 죄가 주홍 같을지라도,주일예배,김승욱 목사,요한복음 7:53~8:11,2012-06-24
636,(요한복음강해 36) 놀랍다 주님의 큰 은혜,주일예배,김승욱 목사,요한복음 7:40~52,2012-06-17
637,(요한복음강해 35) 생수의 강,주일예배,김승욱 목사,요한복음 7:37~39,2012-06-10
638,내가 여기 있나이다 나를 보내소서,주일예배,김승욱 목사,이사야 6:8,2012-06-03
639,(요한복음강해 34) 내 귀를 열어주소서,주일예배,김승욱 목사,요한복음 7:25~36,2012-05-27
640,킹덤 파워,주일예배,황성주 목사,베드로전서 3:1~7,2012-05-20
641,(요한복음강해 33) 사람들의 교훈과 하나님의 교훈,주일예배,김승욱 목사,요한복음 7:11~24,2012-05-13
642,(요한복음강해 32) 하나님의 시간,주일예배,김승욱 목사,요한복음 7:1~10,2012-05-06
643,(요한복음강해 31) 예수님과 가룟 유다,주일예배,김승욱 목사,요한복음 6:70~71,2012-04-29
644,(요한복음강해 30) 너희도 가려느냐?,주일예배,김승욱 목사,요한복음 6:60~69,2012-04-22
645,(요한복음강해 29) 참된 양식 참된 음료,주일예배,김승욱 목사,요한복음 6:51~59,2012-04-15
646,(요한복음강해 28) 아들을 보고 믿는 자마다,주일예배,김승욱 목사,요한복음 6 : 40,2012-04-08
647,(요한복음강해 27) 내가 하나도 잃어버리지 아니하리라,주일예배,김승욱 목사,요한복음 6:36 ~ 39,2012-04-01
648,(요한복음강해 26) 나는 생명의 떡이니,주일예배,김승욱 목사,요한복음 6:30~35,2012-03-25
649,(요한복음강해 25) 왜 예수님을 찾으십니까?,주일예배,김승욱 목사,요한복음 6:22~29,2012-03-18
650,(요한복음강해 24) 다섯번째 표적,주일예배,김승욱 목사,요한복음 6:16~21,2012-03-11
651,무엇보다도 이것을 행하라,주일예배,김승욱 목사,베드로전서 4:7~11,2012-03-04
652,사랑방 소그룹 사랑,주일예배,김상복 목사,출애굽기 18:13~23,2012-02-26
653,서로 돌아보아,주일예배,김승욱 목사,히브리서 10:23~25,2012-02-19
654,(요한복음 강해 23) 세 가지 반응,주일예배,김승욱 목사,요한복음 6:7~15,2012-02-12
655,(요한복음 강해 22) 네 번째 표적,주일예배,김승욱 목사,요한복음 6:1~6,2012-02-05
656,(요한복음 강해 21) 아버지의 증언,주일예배,김승욱 목사,요한복음 5:31~47,2012-01-29
657,(요한복음 강해 20) 생명 주께 있네,주일예배,김승욱 목사,요한복음 5:24~30,2012-01-22
658,"(요한복음 강해 19) 예수, 하나님의 아들",주일예배,김승욱 목사,요한복음 5:19~23,2012-01-15
659,세상을 이기는 교회,주일예배,김승욱 목사,요한일서 5:4~5,2012-01-08
660,주님 닮게 하소서,주일예배,김승욱 목사,로마서 8:29,2012-01-01
661,기쁨 (대강절 메시지5),주일예배,김승욱 목사,마태복음 1:18~25,2011-12-25
662,준비 (대강절 메시지3),주일예배,김승욱 목사,스가랴 9:9~10,2011-12-18
663,기대 (대강절 메시지2),주일예배,김승욱 목사,"에스겔 34:11~16, 23~24",2011-12-11
664,기다림 (대강절 메시지1),주일예배,김승욱 목사,마태복음 2:13~18,2011-12-04
665,(요한복음 강해 18) 종교로 인해 눈 먼 사람들,주일예배,김승욱 목사,요한복음 5:9~18,2011-11-27
666,(요한복음 강해 17) 세 번째 표적,주일예배,김승욱 목사,요한복음 5:1~9,2011-11-20
667,(요한복음 강해 16) 두 번째 표적,주일예배,김승욱 목사,요한복음 4:43~54,2011-11-13
668,(요한복음 강해 15) 눈을 들어 밭을 보라,주일예배,김승욱 목사,요한복음 4:31~42,2011-11-06
669,(요한복음 강해 14) 저희가 예수께로 오더라 (전도축제 Blessing Summit 2011),주일예배,김승욱 목사,요한복음 4:27~30,2011-10-30
670,(요한복음 강해 13) 주를 보게 하소서,주일예배,김승욱 목사,요한복음 4:11~26,2011-10-23
671,(요한복음 강해 12) 전혀 예상치 못했던 방문,주일예배,김승욱 목사,요한복음 4:1~10,2011-10-16
672,(요한복음 강해 11) 참으로 큰 자,주일예배,김승욱 목사,요한복음 3:22~36,2011-10-09
673,(요한복음 강해 10) 하나님이,주일예배,김승욱 목사,요한복음 3:16~21,2011-10-02
674,(요한복음 강해 09) 거듭났습니까?,주일예배,김승욱 목사,요한복음 3:1~15,2011-09-25
675,(요한복음 강해 08) 무엇을 믿습니까?,주일예배,김승욱 목사,요한복음 2:18~25,2011-09-18
676,(요한복음 강해 07) 아버지 집을 향한 열정,주일예배,김승욱 목사,요한복음 2:12~17,2011-09-11
677,(요한복음 강해 06) 첫번째 표적,주일예배,김승욱 목사,요한복음 2:1~11,2011-09-04
678,평화를 누리며 살자,주일예배,김상복 목사,빌립보서 4:4~9,2011-08-28
679,이것을 알고 행하면 복이 있으리라,주일예배,이종윤 목사,요한복음 13:12~17,2011-08-21
680,택하신 자를 찾아오시는 하나님,주일예배,김승욱 목사,창세기 28:10~16,2011-08-14
681,성결에 이르게 하는 은혜,주일예배,김승욱 목사,디도서 2:11~14,2011-08-07
682,역전하는 공동체,주일예배,김승욱 목사,창세기 11:1~9,2011-07-31
683,위기를 기회삼아,주일예배,김승욱 목사,다니엘 1:1~9,2011-07-24
684,첫사랑의 회복,주일예배,김상복 목사,요한계시록 2:1~7,2011-07-17
685,마지막 날에,주일예배,김승욱 목사,요엘 2:28~32,2011-07-10
686,이 때를 위함인지 누가 아느냐?,주일예배,김승욱 목사,에스더 4:12~16,2011-07-03
687,종이 여기 있사오니,주일예배,오창록 목사,사무엘하 15:19 ~ 26,2011-06-26
688,마리아...,주일예배,이한영 목사,누가복음 2:19,2011-06-19
689,정체성의 변화,주일예배,김상복 목사,마태복음 5:13 ~ 16,2011-06-12
690,(요한복음 강해 05) 부르시는 예수님,주일예배,김승욱 목사,요한복음 1:35 ~ 51,2011-06-05
691,(요한복음 강해 04) 광야의 소리,주일예배,김승욱 목사,요한복음 1:19 ~ 34,2011-05-29
692,(요한복음 강해 03) 우리 가운데 거하시매,주일예배,김승욱 목사,요한복음 1:14 ~ 18,2011-05-22
693,(요한복음 강해 02) 사람들의 빛이라,주일예배,김승욱 목사,요한복음 1:4 ~ 13,2011-05-15
694,(요한복음 강해 01) 예수 그리스도,주일예배,김승욱 목사,요한복음 1:1 ~ 4,2011-05-08
695,말씀으로 깨끗하게 하사,주일예배,김승욱 목사,에베소서 5:26 ~ 27,2011-05-01
696,하나님이 그를 지극히 높여,주일예배,김승욱 목사,빌립보서 2:9 ~ 11,2011-04-24
697,사순절의 의미(3) : 바라봄,주일예배,김승욱 목사,이사야 53:10,2011-04-17
698,사순절의 의미(2) : 누림,주일예배,김승욱 목사,요한복음 14:1 ~ 4,2011-04-10
699,사순절의 의미(1) : 내려놓음,주일예배,김승욱 목사,빌립보서 3:7 ~ 9,2011-04-03
700,말씀으로 깨끗하게 하사,주일예배,김승욱 목사,에베소서 5:26 ~ 27,2011-05-01
701,하나님이 그를 지극히 높여,주일예배,김승욱 목사,빌립보서 2:9 ~ 11,2011-04-24
702,사순절의 의미(3) : 바라봄,주일예배,김승욱 목사,이사야 53:10,2011-04-17
703,사순절의 의미(2) : 누림,주일예배,김승욱 목사,요한복음 14:1 ~ 4,2011-04-10
704,사순절의 의미(1) : 내려놓음,주일예배,김승욱 목사,빌립보서 3:7 ~ 9,2011-04-03
705,문들아 머리 들어라,주일예배,김승욱 목사,시편 24:1-10,2011-03-27
706,더 큰 일을 보리라,주일예배,김병건 목사,요한복음 1:43~51,2011-03-20
707,제10계명 '네 이웃의 소유를 탐내지 말지니라',주일예배,김승욱 목사,신명기 5:21,2011-03-13
708,제9계명 '거짓 증거하지 말지니라',주일예배,김승욱 목사,신명기 5:20,2011-03-06
709,제8계명 '도적질하지 말지니라',주일예배,김승욱 목사,신명기 5:19,2011-02-27
710,제7계명 '간음하지 말지니라',주일예배,김승욱 목사,신명기 5:18,2011-02-20
711,제6계명 '살인하지 말지니라',주일예배,김승욱 목사,신명기 5:17,2011-02-13
712,제5계명 '네 부모를 공경하라',주일예배,김승욱 목사,신명기 5:16,2011-02-06
713,제4계명 '안식일을 지켜 거룩하게 하라',주일예배,김승욱 목사,신명기 5:12 ~ 15,2011-01-30
714,제3계명 '주님의 이름을 망령되이 일컫지 말라',주일예배,김승욱 목사,신명기 5:11,2011-01-23
715,제2계명,주일예배,김승욱 목사,신명기 5:8 ~ 10,2011-01-16
716,제1계명 '다른 신들을 네게 있게 말지니라',주일예배,김승욱 목사,신명기 5:1-7,2011-01-09
717,마음을 다하고 성품을 다하여,주일예배,김승욱 목사,신명기 4:25~31,2011-01-02
718,오직 여호와를 앙망하는 자는,주일예배,김승욱 목사,이사야 40:27 ~ 31,2010-12-26
719,너희 하나님을 보라,주일예배,김승욱 목사,이사야 40:9~11,2010-12-19
720,위로하라 위로하라,주일예배,김승욱 목사,이사야 40:1 ~ 8,2010-12-12
721,준비된 신부,주일예배,김승욱 목사,요한계시록 19:6 ~ 8,2010-12-05
722,예수님이 높이 들리시면,주일예배,김승욱 목사,요한복음 12:32~33,2010-11-28
723,하나님이 보내신 사람,주일예배,김상복 목사,요한복음 1:1 ~ 14,2010-11-21
724,믿음으로 선교합니다.,주일예배,유병국 선교사,누가복음 10:1~6,2010-11-14
725,사랑의 축복,주일예배,김상복 목사,시편 91:1 ~ 16,2010-11-07
726,잘못된 사랑,주일예배,김상복 목사,창세기 37:1 ~ 4,2010-10-31
727,사랑의 기준,주일예배,김상복 목사,요한복음 13:31 ~ 38,2010-10-24
728,하나님을 기뻐하는 삶,주일예배,윤현준 목사,민수기 11:1 ~ 9,2010-10-17
729,서로 사랑하자,주일예배,김상복 목사,요한일서 4:7 ~ 16,2010-10-10
730,하나님의 뜻을 따라 사는 사람들의 축복,주일예배,김상복 목사,히브리서 10:32 ~ 39,2010-10-03
731,하나님의 꿈,주일예배,윤종일 목사,에스겔 37:1 10,2010-09-26
732,"하나님의 뜻, 즐겁게 한다",주일예배,김상복 목사,에베소서 6:5 ~ 9,2010-09-19
733,기대와 기다림,주일예배,김승욱 목사,사도행전 1:12 ~ 14,2010-09-12
734,낙심말고 기도하자,주일예배,김상복 목사,누가복음 18:1 ~ 8,2010-09-05
735,하나님의 뜻을 어떻게 찾나?,주일예배,김상복 목사,시편 119:145 ~ 152,2010-08-29
736,아버지의 뜻대로,주일예배,김상복 목사,누가복음 22:39 ~ 46,2010-08-22
737,하나님의 뜻을 이루며 산다,주일예배,김상복 목사,요한일서 2:15 ~ 17,2010-08-15
738,성경의 3대 사역,주일예배,김상복 목사,디모데후서 3:14 ~ 17,2010-08-08
739,예배자의 태도,주일예배,김상복 목사,시편 100:1 ~ 5,2010-08-01
740,함께 지어져 가는 성전,주일예배,김상복 목사,에베소서 2:11 ~ 22,2010-07-25
741,교회의 목적,주일예배,김상복 목사,사도행전 2:37~47,2010-07-18
742,내 교회를 세우리라,주일예배,김상복 목사,마태복음 16장18,2010-07-11
743,반석위에 세운 교회,주일예배,김상복 목사,마태복음 16:13 ~ 20,2010-07-04
744,심는 것을 거둔다,주일예배,김상복 목사,갈라디아서 6:6 ~ 10,2010-06-27
745,함께 지어져 가는 성전,주일예배,김상복 목사,에베소서 2:11 ~ 22,2010-07-25
746,교회의 목적,주일예배,김상복 목사,사도행전 2:37~47,2010-07-18
747,내 교회를 세우리라,주일예배,김상복 목사,마태복음 16장18,2010-07-11
748,반석위에 세운 교회,주일예배,김상복 목사,마태복음 16:13 ~ 20,2010-07-04
749,심는 것을 거둔다,주일예배,김상복 목사,갈라디아서 6:6 ~ 10,2010-06-27
750,결혼의 원리,주일예배,김상복 목사,창세기 24:1 ~ 9,2010-06-20
751,가장의 사명,주일예배,김상복 목사,디모데전서 5:8,2010-06-13
752,어떻게 사랑하나?,주일예배,김상복 목사,에베소서 5:28~30,2010-06-06
753,사랑의 결과,주일예배,김상복 목사,에베소서 5:21 ~ 33,2010-05-30
754,관점을 바꾸자,주일예배,박석민 목사,민수기 13:30,2010-05-23
755,어머니 사랑 하나님 사랑,주일예배,김상복 목사,잠언 31:10 ~ 31,2010-05-16
756,이스라엘아 들으라!,주일예배,백명렬 목사,신명기 6:4 ~ 9,2010-05-09
757,어느 초를 사시겠어요 ?,주일예배,김상복 목사,잠언 22:1 - 6,2010-05-02
758,타락한 사회,주일예배,김상복 목사,디모데후서 3:1~5,2010-04-25
759,깨끗한 그릇,주일예배,김상복 목사,디모데후서 2:19-26,2010-04-18
760,장벽을 초월하는 예수님,주일예배,얼빈 목사,요한복음 20:19 - 31,2010-04-11
761,우리도 변화하리라,주일예배,김상복 목사,고린도전서 15:50 - 58,2010-04-04
762,새 사람을 입으라,주일예배,김상복 목사,골 3:1-17,2010-03-28
763,회개의 열매,주일예배,김상복 목사,마태복음 3:1 ~ 12,2010-03-21
764,사순절 기도와 선행,주일예배,김상복 목사,여호수아 6:12 ~ 16,2010-03-14
765,일부일처제,주일예배,김상복 목사,창세기 4:16 ~ 24,2010-03-07
766,갈등의 시작,주일예배,김상복 목사,창세기 4:1~15,2010-02-28
767,가정의 4대 도전,주일예배,김상복 목사,창세기 3:14~21,2010-02-21
768,가정 문제의 원인 II,주일예배,김상복 목사,창세기 3:9 ~ 13,2010-02-14
769,가정 문제의 원인,주일예배,김상복 목사,창세기 3:1 ~ 13,2010-02-07
770,부끄럽지 않은 부부,주일예배,김상복 목사,창세기 2:24~25,2010-01-31
771,인류의 첫번째 가정,주일예배,김상복 목사,창세기 2:18 ~ 25,2010-01-24
772,가정은 하나님의 작품,주일예배,김상복 목사,창세기 2:18 ~ 24,2010-01-17
773,하나님의 소명,주일예배,김상복 목사,출애굽기 3:1 ~ 14,2010-01-10
774,"행복한 가정, 건강한 교회",주일예배,김상복 목사,시편 128:1 ~ 6,2010-01-03
775,부끄럽지 않은 부부,주일예배,김상복 목사,창세기 2:24~25,2010-01-31
776,인류의 첫번째 가정,주일예배,김상복 목사,창세기 2:18 ~ 25,2010-01-24
777,가정은 하나님의 작품,주일예배,김상복 목사,창세기 2:18 ~ 24,2010-01-17
778,하나님의 소명,주일예배,김상복 목사,출애굽기 3:1 ~ 14,2010-01-10
779,"행복한 가정, 건강한 교회",주일예배,김상복 목사,시편 128:1 ~ 6,2010-01-03
780,만사에 때가 있다,주일예배,김상복 목사,전도서 3:1 ~ 15,2009-12-27
781,평화의 왕이 오셨다.,주일예배,김상복 목사,누가복음 2:8 ~ 20,2009-12-20
782,준비된 성탄,주일예배,김상복 목사,마태복음 1:18-25,2009-12-13
783,역경의 은혜 XVI,주일예배,김상복 목사,고린도후서 1:3 ~ 7,2009-12-06
784,역경의 은혜 XV,주일예배,김상복 목사,여호수아 2:15 ~ 24,2009-11-29
785,오직 주만 바라보나이다,주일예배,엄기영 목사,역대하 20:1 ~ 13,2009-11-22
786,반석위에 세운 교회,주일예배,김상복 목사,마태복음 16:13 ~ 20,2009-11-15
787,핍박이 오고 있다,주일예배,김상복 목사,마태복음 24:3 ~ 14,2009-11-08
788,하나님의 영광을 위하여,주일예배,데니스홀린저 목사,고린도전서 10:23 ~ 31,2009-11-01
789,역경의 은혜 XIV,주일예배,김상복 목사,고린도후서 12:7 ~ 10,2009-10-25
790,역경의 은혜 XIII,주일예배,김상복 목사,누가복음 10:30 ~ 37,2009-10-18
791,역경의 은혜 XII,주일예배,김상복 목사,마태복음 7:24 ~ 27,2009-10-11
792,역경의 은혜 XI,주일예배,김상복 목사,시편 107:10 ~ 22,2009-10-04
793,역경의 은혜 X,주일예배,김상복 목사,디모데전서 2:1~4,2009-09-27
794,역경의 은혜 IX,주일예배,김상복 목사,갈라디아서 6:7 ~ 10,2009-09-20
795,역경의 은혜 VIII,주일예배,김상복 목사,야고보서 1:1 ~ 4,2009-09-13
796,역경의 은혜Ⅶ,주일예배,김상복 목사,에베소서 6:10-18,2009-09-06
797,역경의 은혜 VI,주일예배,김상복 목사,출애굽기 2:23 ~ 3:10,2009-08-30
798,역경의 은혜 V,주일예배,김상복 목사,고린도후서 12:7 ~ 10,2009-08-23
799,역경의 은혜 IV,주일예배,김상복 목사,역대하 16:7 ~ 10,2009-08-16
800,역경의 은혜 III,주일예배,김상복 목사,"시편 139:1-10, 23-24",2009-08-09
801,역경의 은혜 II,주일예배,김상복 목사,히브리서 12:6~13,2009-08-02
802,역경의 은혜 I,주일예배,김상복 목사,시편 31:7 ~ 17,2009-07-26
803,기도만이 살길이다,주일예배,김상복 목사,역대하 7:11-16,2009-07-19
804,가서 전하라 보여 주라,주일예배,김상복 목사,마가복음 16:14 ~ 20,2009-07-12
805,내가 다시 살리리라,주일예배,김상복 목사,요한복음 6:35 ~ 6:40,2009-07-05
806,아름다운 소식,주일예배,송영선 목사,열왕기하 7:3 ~ 9,2009-06-28
807,성전 헌당식의 축복,주일예배,김상복 목사,열왕기상 8:54 ~ 66,2009-06-21
808,효과적인 인생,주일예배,제프 터니클리프 목사,"시편 90:1~6, 12",2009-06-14
809,인도하시리라,주일예배,김상복 목사,잠언 3:1 ~ 10,2009-06-07
810,하나님은 용서하신다,주일예배,김상복 목사,요한1서 1:1-10,2009-05-31
811,늘 마음이 편하다,주일예배,김상복 목사,마가복음 1:29~39,2009-05-24
812,부지런히 가르치라,주일예배,김상복 목사,신명기 6:4 ~ 9,2009-05-17
813,기독교인의 악을 극복할 책임,주일예배,마크 빌라일즈 목사,로마서 12:21,2009-05-10
814,기도의 생활화,주일예배,김상복 목사,다니엘 6:10 ~ 17,2009-05-03
815,Enjoying God,주일예배,로버트 갓프리 목사,시편 73편,2009-04-26
816,장애인의 해방,주일예배,김상복 목사,마태복음 11:1 ~ 6,2009-04-19
817,누구를 찾으십니까,주일예배,이상협 목사,누가복음 24:1 ~ 12,2009-04-12
818,풀어 오라 내가 쓰리라,주일예배,김상복 목사,누가복음 19:28 ~ 40,2009-04-05
819,내가 너와 함께 있으니,주일예배,김상복 목사,사도행전 18:5 ~ 11,2009-03-29
820,임재와 사랑,주일예배,김상복 목사,사무엘상 18:22 ~ 29,2009-03-22
821,임재와 형통의 은혜,주일예배,김상복 목사,창세기 39:1 ~ 6,2009-03-15
822,우리와 함께 계신다,주일예배,김상복 목사,고린도후서 13:1 ~5,2009-03-08
823,3.1절 독립선언,주일예배,김상복 목사,요한복음 8:31 ~ 36,2009-03-01
824,현세의 구원과 내세의 구원,주일예배,김상복 목사,마태복음 9:18 ~ 26,2009-02-22
825,"사랑방 1010 운동 , 사람낚는 어부",주일예배,김상복 목사,마태복음 4:12 ~ 22,2009-02-15
826,구원의 하나님,주일예배,김상복 목사,시편 18:1 ~ 6,2009-02-08
827,거듭난 사람의 증거,주일예배,김상복 목사,요한일서 5:1 ~ 5,2009-02-01
828,거듭나면...,주일예배,김상복 목사,베드로후서 1:1 ~ 4,2009-01-25
829,다시 태어났다,주일예배,김상복 목사,요한복음 3:1 ~ 8,2009-01-18
830,"사랑방 1010 운동 , 사람낚는 어부",주일예배,김상복 목사,마태복음 4:12 ~ 22,2009-02-15
831,구원의 하나님,주일예배,김상복 목사,시편 18:1 ~ 6,2009-02-08
832,거듭난 사람의 증거,주일예배,김상복 목사,요한일서 5:1 ~ 5,2009-02-01
833,거듭나면...,주일예배,김상복 목사,베드로후서 1:1 ~ 4,2009-01-25
834,다시 태어났다,주일예배,김상복 목사,요한복음 3:1 ~ 8,2009-01-18
835,확실히 알 수 있다,주일예배,김상복 목사,요한1서 5:6 ~ 13,2009-01-11
836,미래의 새 도약을 준비하자,주일예배,김상복 목사,여호수아 1:1 ~ 9,2009-01-04
837,오 신실하신 주,주일예배,김상복 목사,예레미아애가 3:19 ~ 26,2008-12-28
838,큰 기쁨의 좋은 소식,주일예배,김상복 목사,누가복음2:8 ~ 20,2008-12-21
839,냉수 한 그릇의 상급,주일예배,김상복 목사,마태복음 10:40-42,2008-12-14
840,넉넉히 이긴다,주일예배,김상복 목사,로마서 8:31 ~ 39,2008-12-07
841,복받을 자들이여,주일예배,김상복 목사,마태복음 25:31~46,2008-11-30
842,염려하지 말라,주일예배,김상복 목사,마태복음 6:24~34,2008-11-23
843,복음주의 운동,주일예배,김상복 목사,마가복음 16:15 ~ 20,2008-11-16
844,은사대로 살라,주일예배,김상복 목사,에베소서 4:1-12,2008-11-09
845,증거를 보여 주세요,주일예배,김상복 목사,요한복음 13:31~38,2008-11-02
846,존귀한 생명,주일예배,김상복 목사,마태복음 16:26,2008-10-26
847,일당백의 사람,주일예배,김상복 목사,여호수아 23:1 ~ 11,2008-10-19
848,준비하고 있으라,주일예배,김상복 목사,마태복음 24:32~44,2008-10-12
849,복음의 능력,주일예배,브루스 니콜스 목사,"시편 51:1 ~4, 7~11 / 요한복음 12:20~36",2008-10-05
850,하나님께 영광을 올려드리라,주일예배,김상복 목사,사도행전 12:20 ~ 24,2008-09-28
851,회 복,주일예배,신현규 목사,"사사기 16:15 ~ 22, 28~30",2008-09-21
852,마땅한 사랑,주일예배,김상복 목사,요한1서 4:7 ~ 16,2008-09-14
853,이렇게 기도하라,주일예배,김상복 목사,마태복음 6:5-13,2008-08-31
854,열심을 내라 회개하라,주일예배,김상복 목사,요한계시록 3:1 ~ 21,2008-08-24
855,구원받은 자의 고민,주일예배,서계원 목사,로마서 7:21~8:4,2008-08-17
856,이 몸의 소망 무엔가,주일예배,손수현 목사,예레미야 29:4 ~ 14,2008-08-10
857,핍박속의 기적,주일예배,김상복 목사,사도행전 12:5 - 19,2008-08-03
858,박해의 축복,주일예배,김상복 목사,사도행전 12:1 ~ 5,2008-07-27
859,성공적 국가변혁의 증거,주일예배,마크 빌라일즈 목사,마가복음 16:15 ~ 18,2008-07-20
860,좋은사람 성령의 사람,주일예배,김상복 목사,사도행전 11:19 ~ 30,2008-07-13
861,뛰어난 민족,주일예배,김상복 목사,신명기 28:1 ~ 14,2008-07-06
862,나의 멍에를 메고,주일예배,이상협 목사,마태복음 11:25~30,2008-06-29
863,맡은 일에 충성하라,주일예배,김상복 목사,마태복음 24:45~51,2008-06-22
864,일본 경제의 성경적 이해,주일예배,오가와 목사,"창세기 1:27~28, 마태복음 6:24",2008-06-15
865,다 주의 것이니이다.,주일예배,김상복 목사,역대상 29:10 ~ 19,2008-06-08
866,두려워 말라,주일예배,김상복 목사,이사야 41:8 ~ 13,2008-06-01
867,성경적 부부,주일예배,김상복 목사,베드로전서 3:1 ~ 7,2008-05-25
868,보이지 않는 어머니,주일예배,김상복 목사,잠언 31:10 - 31,2008-05-18
869,고마운 선생님,주일예배,김상복 목사,신명기 6:1-9,2008-05-11
870,다 주의 것이니이다.,주일예배,김상복 목사,역대상 29:10 ~ 19,2008-06-08
871,두려워 말라,주일예배,김상복 목사,이사야 41:8 ~ 13,2008-06-01
872,성경적 부부,주일예배,김상복 목사,베드로전서 3:1 ~ 7,2008-05-25
873,보이지 않는 어머니,주일예배,김상복 목사,잠언 31:10 - 31,2008-05-18
874,고마운 선생님,주일예배,김상복 목사,신명기 6:1-9,2008-05-11
875,문제 가정의 치유,주일예배,요한 루카스,"사무엘상 1:1-11, 24-27",2008-05-04
876,제한없는 하나님의 은혜,주일예배,김상복 목사,사도행전 11:1 ~ 18,2008-04-27
877,일어나 가라,주일예배,김상복 목사,누가복음 5:17 ~ 26,2008-04-20
878,너는 나를 따르라,주일예배,김상복 목사,요한복음 21:15 ~ 23,2008-04-13
879,신앙인의 정치참여,주일예배,김상복 목사,로마서 13:1~7,2008-04-06
880,자유로운 섬김,주일예배,김상복 목사,고린도전서 9:19 ~ 23,2008-03-30
881,부활이 없으면 불쌍한 자,주일예배,김상복 목사,고린도전서 15:12 ~ 19,2008-03-23
882,섬김의 태도(VI),주일예배,김상복 목사,로마서 12:9 ~ 13,2008-03-16
883,섬김의 태도(V),주일예배,김상복 목사,로마서 12:9 ~ 13,2008-03-09
884,섬김의 태도(IV),주일예배,김상복 목사,로마서 12:10 ~ 13,2008-03-02
885,자유로운 섬김,주일예배,김상복 목사,고린도전서 9:19 ~ 23,2008-03-30
886,부활이 없으면 불쌍한 자,주일예배,김상복 목사,고린도전서 15:12 ~ 19,2008-03-23
887,섬김의 태도(VI),주일예배,김상복 목사,로마서 12:9 ~ 13,2008-03-16
888,섬김의 태도(V),주일예배,김상복 목사,로마서 12:9 ~ 13,2008-03-09
889,섬김의 태도(IV),주일예배,김상복 목사,로마서 12:10 ~ 13,2008-03-02
890,섬김의 태도(III),주일예배,김상복 목사,로마서 12:6 ~ 13,2008-02-24
891,섬김의 태도(II),주일예배,김상복 목사,로마서 12:3 ~ 13,2008-02-17
892,섬김의 태도,주일예배,김상복 목사,로마서 12:1 ~ 8,2008-02-10
893,기독교와 이성,주일예배,석철효 목사,고린도전서 2:12 ~ 14,2008-02-03
894,섬김의 주체,주일예배,김상복 목사,데살로니가전서 1:1 ~ 10,2008-01-27
895,섬김의 대상,주일예배,김상복 목사,마태복음 4:1-11,2008-01-20
896,최고의 인물이 되자,주일예배,김상복 목사,마태복음 20:20 - 28,2008-01-13
897,선한 행실을 보이자,주일예배,김상복 목사,마태복음 5:13~16,2008-01-06
898,변화는 계속되어야,주일예배,김상복 목사,에베소서 4:17 ~ 32,2007-12-30
899,주님을 찬양한다,주일예배,김상복 목사,누가복음 1:46 ~ 56,2007-12-23
900,섬김의 대상,주일예배,김상복 목사,마태복음 4:1-11,2008-01-20
901,최고의 인물이 되자,주일예배,김상복 목사,마태복음 20:20 - 28,2008-01-13
902,선한 행실을 보이자,주일예배,김상복 목사,마태복음 5:13~16,2008-01-06
903,변화는 계속되어야,주일예배,김상복 목사,에베소서 4:17 ~ 32,2007-12-30
904,주님을 찬양한다,주일예배,김상복 목사,누가복음 1:46 ~ 56,2007-12-23
905,죄에서 구원할 자,주일예배,김상복 목사,마태복음 1:18 ~ 25,2007-12-16
906,선을사랑하며공의를세우라,주일예배,김상복 목사,아모스 5:4 ~ 15,2007-12-09
907,견고한 나라,주일예배,김상복 목사,역대하 9:1 ~ 12,2007-12-02
908,내 증인이 되라,주일예배,김상복 목사,사도행전 1:4 ~ 11,2007-11-25
909,시험은 유익하다,주일예배,김상복 목사,야고보서 1:1 ~ 8,2007-11-18
910,우리는 하나이다,주일예배,김상복 목사,에베소서 4:1~6,2007-11-11
911,믿는다는 것의 의미,주일예배,"이연길 목사, 정영숙 권사","요한복음 20:1~10,16~18",2007-11-04
912,또 하나의 생명,주일예배,김상복 목사,요한복음 3:1 ~ 8,2007-10-28
913,감사는 행복의 열쇠,주일예배,김상복 목사,출애굽기 16:1 ~ 12,2007-10-21
914,사랑방 중심 사역,주일예배,김상복 목사,사도행전 2:40 ~ 47,2007-10-14
915,만유를 통일하신다,주일예배,김상복 목사,에베소서 4:1~6,2007-10-07
916,땅끝 사역,주일예배,김상복 목사,사도행전 1:4 ~ 8,2007-09-30
917,굶주린 자를 먹이라,주일예배,김상복 목사,마태복음 25:31 ~ 46,2007-09-23
918,내가 가서 고쳐주리라,주일예배,김상복 목사,마태복음 8:5 ~ 13,2007-09-16
919,편견을 넘어,주일예배,김상복 목사,사도행전 10:9 ~ 23,2007-09-09
920,이웃을 사랑하라,주일예배,김상복 목사,누가복음 10:25 ~ 37,2007-09-02
921,투명한 지도자,주일예배,김상복 목사,사무엘상 12:1 ~ 5,2007-08-26
922,탕자,주일예배,피터 에이든 선교사,누가복음 15:11 ~ 32,2007-08-19
923,파수꾼,주일예배,토마스 왕 목사,에스겔 3:16 ~ 21,2007-08-19
924,당신은 하나님의 사람이시오!,주일예배,이건호 목사,열왕기상 17:17 ~ 24,2007-08-12
925,네 빛을 비추라,주일예배,김상복 목사,마태복음 5:13 ~ 16,2007-08-05
926,위기속의 믿음,주일예배,김상복 목사,히브리서 11:23 ~ 40,2007-07-29
927,인정받는 사람,주일예배,김상복 목사,사도행전 10:1 ~ 8,2007-07-22
928,실현하지 못할 가능성,주일예배,필 스테인 목사,요한계시록 2:1 ~ 7,2007-07-15
929,예수께서 낫게 하신다,주일예배,김상복 목사,사도행전 9:32~43,2007-07-08
930,평신도 선교의 도전,주일예배,김상복 목사,마태복음 9:9 ~ 13,2007-07-01
931,옛날을 기억하라,주일예배,김상복 목사,신명기 32:7 ~ 15,2007-06-24
932,기적을 만드는 사람,주일예배,김형석 목사,열왕기상 18:36 ~ 39,2007-06-17
933,선조들의 신앙따라,주일예배,김상복 목사,마태복음 5:1 ~ 12,2007-06-10
934,그리스도의 복음,주일예배,게리 호그 목사,디모데전서 6:17 ~ 19,2007-06-03
935,치유의 길,주일예배,김상복 목사,열왕기하 5:9 ~ 14,2007-05-27
936,인내의 적극적 사랑,주일예배,김상복 목사,고린도전서 13:4~7,2007-05-20
937,"가르치라, 지키라",주일예배,김상복 목사,마태복음 28:18 ~ 20,2007-05-13
938,성령충만한 가정,주일예배,김상복 목사,에베소서 5:15 ~ 6:4,2007-05-06
939,흩어져 전하라,주일예배,김상복 목사,사도행전 8:1 ~ 8,2007-04-29
940,치유의 길,주일예배,김상복 목사,열왕기하 5:9 ~ 14,2007-05-27
941,인내의 적극적 사랑,주일예배,김상복 목사,고린도전서 13:4~7,2007-05-20
942,"가르치라, 지키라",주일예배,김상복 목사,마태복음 28:18 ~ 20,2007-05-13
943,성령충만한 가정,주일예배,김상복 목사,에베소서 5:15 ~ 6:4,2007-05-06
944,흩어져 전하라,주일예배,김상복 목사,사도행전 8:1 ~ 8,2007-04-29
945,분노한 살인자,주일예배,김상복 목사,창세기 4:1 ~ 10,2007-04-22
946,수고가 헛되지 않다,주일예배,김상복 목사,고린도전서 15:49 ~ 58,2007-04-15
947,살아나셨느니라,주일예배,김상복 목사,마태복음 28:1 ~ 10,2007-04-08
948,구원의 왕이 오신다,주일예배,김상복 목사,마태복음 21:1 ~ 11,2007-04-01
949,기적과 구원,주일예배,김상복 목사,사도행전 9:32 ~ 35,2007-03-25
950,격려의 사역,주일예배,김상복 목사,사도행전 9:26 ~ 31,2007-03-18
951,예수의 증인 사울,주일예배,김상복 목사,사도행전 9:20 ~ 25,2007-03-11
952,위험한 인물,주일예배,김상복 목사,누가복음 4:16 ~ 20,2007-03-04
953,눈을 들어 세계를 보라,주일예배,김상복 목사,요한복음 4:31~38,2007-02-25
954,꿈같은 회복을 !,주일예배,김광건 목사,시편 126:1~6,2007-02-18
955,삶을 극대화시켜라,주일예배,황성주 목사,누가복음 16:1~13,2007-02-11
956,서로 받으라,주일예배,홍성현 목사,로마서 15:1 ~ 7,2007-02-04
957,세 가지 갈망,주일예배,김상복 목사,시편 27:1 ~ 14,2007-01-28
958,그러므로,주일예배,김상복 목사,로마서 12:1 ~ 2,2007-01-21
959,부흥과 변화를 주소서,주일예배,김상복 목사,로마서 12:1 ~ 21,2007-01-14
960,변혁으로의 부르심(Calling to Transformation),주일예배,루이스 부시 목사,이사야 11:1 ~ 10,2007-01-07
961,마지막 날에,주일예배,김상복 목사,요한복음 7:37 ~ 39,2006-12-31
962,죄에서 구원 하신다,주일예배,김상복 목사,마태복음 1:18 ~ 21,2006-12-24
963,나의 택한 그릇,주일예배,김상복 목사,사도행전 9 : 10 ~ 19,2006-12-17
964,세계로 출발하는 예수님의 제자들,주일예배,이동휘 목사,마태복음 28:18~20,2006-12-10
965,찾아오신다,주일예배,김상복 목사,사도행전 9:1 ~ 9,2006-12-03
966,만국의 보배,주일예배,김상복 목사,학개 2:1 ~ 9,2006-11-26
967,이해되십니까 ?,주일예배,김상복 목사,사도행전 8:26 ~ 40,2006-11-19
968,가르치라,주일예배,김상복 목사,마태복음 28:18~20,2006-11-12
969,고난의 열매,주일예배,김상복 목사,마태복음 5:43~48,2006-11-05
970,생명이란,주일예배,김장환 목사,요한일서 5:10 ~ 13,2006-10-29
971,전도는 구원의 능력,주일예배,김상복 목사,고린도전서 1:18~25,2006-10-22
972,두 길,주일예배,김상복 목사,누가복음 16:19 ~ 31,2006-10-15
973,일어나 걸으라,주일예배,김상복 목사,사도행전 3:1 ~ 10,2006-10-08
974,사랑의 실천,주일예배,김상복 목사,야고보서 2:14 ~ 26,2006-09-24
975,생명이란,주일예배,김장환 목사,요한일서 5:10 ~ 13,2006-10-29
976,전도는 구원의 능력,주일예배,김상복 목사,고린도전서 1:18~25,2006-10-22
977,두 길,주일예배,김상복 목사,누가복음 16:19 ~ 31,2006-10-15
978,일어나 걸으라,주일예배,김상복 목사,사도행전 3:1 ~ 10,2006-10-08
979,사랑의 실천,주일예배,김상복 목사,야고보서 2:14 ~ 26,2006-09-24
980,먹는자는 영원히 살리라,주일예배,김상복 목사,요한복음 6:47 ~ 59,2006-09-17
981,회개하고 세례를 받으라,주일예배,김상복 목사,사도행전 2:37~42,2006-09-10
982,하나님의 평화,주일예배,김상복 목사,빌립보서 4:4 ~ 9,2006-09-03
983,파워 헝그리 마술사,주일예배,김상복 목사,사도행전 8:14 ~ 25,2006-08-27
984,성실한 청지기,주일예배,김상복 목사,누가복음 12:36 ~ 48,2006-08-20
985,우리를 불쌍히 여기소서,주일예배,김상복 목사,시편 103:1 ~ 22,2006-08-13
986,놀라운 신앙,주일예배,김상복 목사,사도행전 8:9~13,2006-08-06
987,내게 부르짖으라,주일예배,김상복 목사,예레미아 33:1 ~ 9,2006-07-30
988,보다 큰 하나님의 계획,주일예배,신표근 목사,욥기 42:1 ~ 6,2006-07-23
989,신앙이란,주일예배,김장환 목사,마태복음 21:1 ~ 11,2006-07-16
990,인생을 풀어가는 두 가지 열쇠,주일예배,신현규 목사,창세기 50:15 ~ 21,2006-07-09
991,핍박 속의 기쁨,주일예배,김상복 목사,사도행전 8:1 ~ 8,2006-07-02
992,죽도록 충성하라,주일예배,김상복 목사,요한게시록 2:8 ~ 11,2006-06-25
993,끊어진 보복의 사슬,주일예배,김상복 목사,사도행전 7:54 ~ 60,2006-06-18
994,그 영광을 열방중에 선포하라,주일예배,김상복 목사,역대상 16:23 ~ 31,2006-06-11
995,성령의 능력으로,주일예배,김상복 목사,사도행전 1:4 ~ 8,2006-06-04
996,하늘나라의 시민,주일예배,김상복 목사,에베소서 2:1 ~ 22,2006-05-28
997,복음은 구원의 능력,주일예배,김상복 목사,로마서 1:8 ~ 17,2006-05-21
998,위대한 스승,주일예배,김상복 목사,신명기 6:4 ~ 9,2006-05-14
999,가족의 역할,주일예배,김상복 목사,에베소서 5:15 ~ 6:4,2006-05-07
1000,사람을 얻어야,주일예배,김상복 목사,고린도전서 9:19~27,2006-04-30
1001,지금은 보인다.,주일예배,김상복 목사,요한복음 9:1 ~ 11,2006-04-23
1002,부활신앙,주일예배,신세원 목사,고린도전서 15:12 ~ 19,2006-04-16
1003,벗을 찾아가,주일예배,김상복 목사,요한복음 1:35 ~ 51,2006-04-09
1004,너도 이와 같이 하라,주일예배,박진탁 목사,누가복음 10:30 ~ 37,2006-04-02
1005,금식의 원리 II,주일예배,김상복 목사,이사야 58:1 ~ 12,2006-03-26
1006,금식의 원리,주일예배,김상복 목사,마태복음 6:16 ~ 18,2006-03-19
1007,금식과 기도,주일예배,김상복 목사,마가복음 9:14 ~ 29,2006-03-12
1008,다시 살려 주옵소서,주일예배,김상복 목사,시편 85:1 ~ 13,2006-03-05
1009,사순절 금식기도,주일예배,김상복 목사,시편 51:1 ~ 19,2006-02-26
1010,품는 사랑,주일예배,김상복 목사,고린도전서 13:4 ~ 7,2006-02-19
1011,다시 오시리라,주일예배,최바울 목사,사도행전 1:8 ~ 11,2006-02-12
1012,은총과 지혜의 길,주일예배,김상복 목사,사도행전 7:9 ~ 16,2006-02-05
1013,건강한 가정,주일예배,김상복 목사,골로새서 3:12 ~ 21,2006-01-29
1014,생육하고 번성하라,주일예배,김상복 목사,창세기 1:24 ~ 31,2006-01-22
1015,하나님과 인터뷰,주일예배,김상복 목사,시편 119:57~72,2006-01-15
1016,상을 위해 달리자,주일예배,김상복 목사,빌립보서 3:13 ~ 16,2006-01-08
1017,이 산지를 내게 주소서,주일예배,김상복 목사,여호수아 14:6 ~ 15,2006-01-01
1018,평화의 왕(王)이여 !,주일예배,김상복 목사,누가복음 2:1 ~ 20,2005-12-25
1019,성탄에 쓰신 사람,주일예배,김상복 목사,마태복음 1:18 ~ 25,2005-12-18
1020,선물을 드리라,주일예배,김상복 목사,마태복음 2:1 ~ 12,2005-12-11
1021,하나님의 인권,주일예배,김상복 목사,창세기 1:24 ~ 28,2005-12-04
1022,흰 옷 입은 큰 무리,주일예배,김상복 목사,요한게시록 7:9 ~ 12,2005-11-27
1023,교회 창립일 기도제목,주일예배,김상복 목사,요한게시록 2:1 ~ 7,2005-11-20
1024,"영광의 하나님, 나타나시다",주일예배,김상복 목사,사도행전 7:1 ~ 8,2005-11-13
1025,감당할 수 없는 영성,주일예배,김상복 목사,사도행전 6:8 ~ 15,2005-11-06
1026,사랑이 이긴다,주일예배,김상복 목사,누가복음 15:11 ~ 32,2005-10-30
1027,찾을 때까지,주일예배,김상복 목사,누가복음 15:1 ~ 10,2005-10-23
1028,범사에 감사하자,주일예배,김상복 목사,시편 107:1 ~ 9,2005-10-16
1029,섬기는 자의 일곱가지 영성,주일예배,김상복 목사,사도행전 6:1 ~ 7,2005-10-09
1030,주님의 음성 듣는 방법,주일예배,Leland D.Paris 목사,요한복음 10:1 ~ 5,2005-10-02
1031,고난의 축배,주일예배,김상복 목사,누가복음 22:18 ~ 20,2005-09-25
1032,은덕을 감사하자,주일예배,김상복 목사,시편 127:1 ~ 5,2005-09-18
1033,존경받는 사람,주일예배,김상복 목사,사도행전 5:33 ~ 42,2005-09-11
1034,행복의 창조자가 되자,주일예배,김상복 목사,창세기 12:1 ~ 3,2005-09-04
1035,해방운동,주일예배,김상복 목사,요한복음 8:31 ~ 36,2005-08-28
1036,믿음의 표현,주일예배,신현규 목사,창세기 22:1 ~ 14,2005-08-21
1037,참된 기도,주일예배,이성택 목사,마태복음 7:7 ~ 8,2005-08-14
1038,예수님의 재림과 교회선교,주일예배,강승삼 목사,요한1서 2:28 ~ 3:3,2005-08-07
1039,성령의 능력,주일예배,김상복 목사,사도행전 5:9 ~ 16,2005-07-31
1040,성령은 보고 계신다,주일예배,김상복 목사,사도행전 5:1 ~ 11,2005-07-24
1041,나눔운동,주일예배,김상복 목사,사도행전 4:32 ~ 37,2005-07-17
1042,넓이와 깊이,주일예배,손인식 목사,요한복음 19:28 ~ 30,2005-07-10
1043,기도하면 힘이 난다,주일예배,김상복 목사,사도행전 4:23 ~ 31,2005-07-03
1044,두 형제의 화해,주일예배,김상복 목사,창세기 33:1 ~ 11,2005-06-26
1045,경건한 남자의 위대한 가치,주일예배,Gordon England,요한복음 21:15~17,2005-06-19
1046,하나님을 바라보라,주일예배,김상복 목사,이사야 31:1 ~ 9,2005-06-12
1047,돌보아 주라,주일예배,김상복 목사,요한복음 21:15~ 23,2005-06-05
1048,천하보다 귀한 영혼,주일예배,김상복 목사,마가복음 8:34 ~ 38,2005-05-29
1049,아름다운 부자관계(父子關係),주일예배,김상복 목사,요한복음 17:1 ~ 19,2005-05-22
1050,아름다운 내면 인품,주일예배,김상복 목사,베드로전서 3:1 ~ 7,2005-05-15
1051,가족의 역할,주일예배,김상복 목사,에베소서 5:15 ~ 6:4,2005-05-08
1052,목회에서 동역자,주일예배,탐코벨 목사,막 10:43 ~ 45,2005-05-01
1053,담대한 성령의 능력,주일예배,김상복 목사,행 4:1 ~ 22,2005-05-01
1054,만물의 회복자,주일예배,김상복 목사,행 3:11~26,2005-04-24
1055,주님의 장애인 사역,주일예배,김상복 목사,마 11:1 ~6,2005-04-17
1056,일어나 걸으라,주일예배,김상복 목사,행 3:1 ~ 10,2005-04-10
1057,성장하는 교회,주일예배,김상복 목사,행 2:40 ~ 47,2005-04-03
1058,순식간에 변화하리라,주일예배,김상복 목사,고전 15:51~58,2005-03-27
1059,겸손한 왕,주일예배,김상복 목사,눅 19:28 ~ 40,2005-03-20
1060,성령의 선물,주일예배,김상복 목사,행 2:37 ~ 42,2005-03-13
1061,우리가 증인입니다.,주일예배,김상복 목사,행 2:22 ~ 26,2005-03-06
1062,말세의 성령,주일예배,김상복 목사,행 2:14 ~ 21,2005-02-27
1063,오순절 사건,주일예배,김상복 목사,행 2:1 ~ 13,2005-02-20
1064,믿음의 선택,주일예배,신현규 목사,룻 1:15 ~ 19,2005-02-13
1065,기도에 힘쓰라,주일예배,김상복 목사,행 1:12 ~ 26,2005-02-06
1066,성령의 능력,주일예배,김상복 목사,행 1:6 ~ 11,2005-01-30
1067,성령의 행전,주일예배,김상복 목사,행 1:1 ~ 5,2005-01-23
1068,창의성을 추구하라,주일예배,김상복 목사,창 1:1 ~ 31,2005-01-16
1069,새해에는 나도 한명,주일예배,김상복 목사,눅 14:15 ~ 24,2005-01-09
1070,새 일을 하리라,주일예배,김상복 목사,사 43:14 ~ 21,2005-01-02
1071,기적을 구하라,주일예배,김상복 목사,사 7:10~14,2004-12-26
1072,임마누엘 예수,주일예배,김상복 목사,마태복음 1:18 ~ 25,2004-12-19
1073,너도 이처럼 하라,주일예배,김상복 목사,눅 10:25 ~37,2004-12-12
1074,받은 것을 드리나이다,주일예배,김상복 목사,대상 29:10~22,2004-12-05
1075,섬기는 자는 위대한 자,주일예배,김상복 목사,마 20:20 ~ 28,2004-11-28
1076,믿음으로 전진한다,주일예배,김상복 목사,히 11:1 ~ 10,2004-11-21
1077,나와 함께 하심이라,주일예배,김상복 목사,시편 23:1 ~ 6,2004-11-14
1078,분명히 알 수 있다,주일예배,김상복 목사,요일 5:11 ~13,2004-11-07
1079,친구가 되어주라,주일예배,김상복 목사,마가복음 2:1 ~ 12,2004-10-31
1080,천국과 지옥,주일예배,김상복 목사,누가복음 16:19 ~ 31,2004-10-24
1081,감사합니다.,주일예배,김상복 목사,시편 103:1 ~22,2004-10-17
1082,간절한 기대,주일예배,김상복 목사,빌립보서 1:19~26,2004-10-10
1083,그리스도의 현존,주일예배,강원용 목사,로마서 5:5~8,2004-10-03
1084,두가지 성전의 완공,주일예배,김상복 목사,학개 1:1~11,2004-09-26
1085,통합적 사고의 필요,주일예배,김상복 목사,에베소서 4:1~12,2004-09-19
1086,칭찬 받는 사람들,주일예배,김상복 목사,사도행전 2:40 ~ 47,2004-09-12
1087,능히 감당하리라,주일예배,김상복 목사,고린도전서 10: 1 ~ 13,2004-09-05
1088,더 많은 열매를 맺자,주일예배,김상복 목사,요한복음 15:1~11,2004-08-29
1089,승리자의 모습,주일예배,김상복 목사,고린도전서 9:19~27,2004-08-22
1090,예루살렘 평화축제,주일예배,김상복 목사,마태복음 5:1~12,2004-08-15
1091,참된 자유,주일예배,석철효 목사,에베소서 2:1~7,2004-08-08
1092,문제의 극복과 또 다른 비전,주일예배,신현규 목사,누가복음 5:1-11,2004-08-08
1093,세계선교의 마지막 대회,주일예배,김상복 목사,요한계시록 7:9~12,2004-08-01
1094,기쁨의 감사와 찬양,주일예배,김상복 목사,시편 100:1-5,2004-07-25
1095,낮아지면 높아진다,주일예배,김상복 목사,빌립보서 2:1~11,2004-07-18
1096,내 눈과 마음이 이 성전에,주일예배,김상복 목사,역대하 7:12~18,2004-07-11
1097,우리는 거룩한 성전,주일예배,김상복 목사,에베소서 2:19~22,2004-07-04
1098,6.25의 교훈,주일예배,김상복 목사,에베소서 2:14~22,2004-06-27
1099,복을 끼치는 자,주일예배,김상복 목사,창세기 12 : 1~4,2004-06-20
1100,하나님이 거하시는 처소,주일예배,하시모토 목사,열왕기상 8:22-30,2004-06-13
1101,사랑의 완성을 위하여,주일예배,김상복 목사,요일 4: 16-21,2004-06-06
1102,섬겨주라,주일예배,김상복 목사,마 20 : 25-28,2004-05-30
1103,사랑의 언어(II),주일예배,김상복 목사,요13: 34-35,2004-05-23
1104,사랑의 언어,주일예배,김상복 목사,아 1:9-2:1,2004-05-16
1105,기독교는 효의 신앙이다,주일예배,김상복 목사,엡 6:1-4,2004-05-09
1106,아이들의 천국,주일예배,김상복 목사,마18: 1-10,2004-05-02
1107,구원을 얻으리라,주일예배,김상복 목사,요 3:16-21,2004-04-25
1108,강자의 배려,주일예배,김상복 목사,삼하 9:1-13,2004-04-18
1109,듣는자는 살아나리라,주일예배,김상복 목사,요 5:19-29,2004-04-11
1110,우시는 왕,주일예배,김상복 목사,눅 19:28-44,2004-04-04
1111,발 빠른 사람들,주일예배,김상복 목사,롬 10:8-15,2004-03-28
1112,하나님 마음에 합한 사람,주일예배,임권택 총장,행 13:17-23,2004-03-21
1113,약한자를 돌보라,주일예배,김상복 목사,마25:31-46,2004-03-14
1114,섬기는 자의 태도,주일예배,김상복 목사,롬 12:1-13,2004-03-07
1115,섬기는 공동체,주일예배,김상복 목사,마 20:25-28,2004-02-29
1116,우리의 사귐,주일예배,김상복 목사,요일 1:1-10,2004-02-22
1117,배우고 확신하라,주일예배,김상복 목사,딤후3:14 - 17,2004-02-15
1118,전도의 사명,주일예배,김상복 목사,행1:1 - 8,2004-02-08
1119,예배자를 찾으신다,주일예배,김상복 목사,요 4:16-26,2004-02-01
1120,교회의 다섯가지 사명,주일예배,김상복 목사,행 2:37-47,2004-01-25
1121,오로지 그리스도를 전파,주일예배,김상복 목사,빌 1:12-21,2004-01-18
1122,브니엘의 아침,주일예배,김원배 목사,창 32: 22-31,2004-01-11
1123,앞을 향해 달려 가노라,주일예배,김상복 목사,빌 3:10-16,2004-01-04
1124,선악간에 심판하신다,주일예배,김상복 목사,전도서 12:1 - 14,2003-12-28
1125,구원자 예수의 탄생,주일예배,김상복 목사,마 1:18-25,2003-12-21
1126,세상의 빛,주일예배,김상복 목사,요 1:1-14,2003-12-14
1127,네 눈물을 보았노라,주일예배,김상복 목사,왕하 20:1-7,2003-12-07
1128,생명운동,주일예배,김상복 목사,요 10:1-10,2003-11-30
1129,현대적 신앙고백,주일예배,바이어 하우스 목사,마 16:13-18,2003-11-23
1130,새들이 깃드니라,주일예배,김상복 목사,마 13:31-32,2003-11-16
1131,예수 안에 생명 있네,주일예배,김상복 목사,요일 5:1-12,2003-11-09
1132,작은 일이 큰일이다,주일예배,김상복 목사,마 25: 14-30,2003-11-02
1133,나를 사랑 하신다,주일예배,김상복 목사,엡 5:22-28,2003-10-26
1134,"친구여, 도우라",주일예배,김상복 목사,막 2:1-12,2003-10-19
1135,평화를 누리라,주일예배,김상복 목사,요 20:19-28,2003-10-12
1136,여호와를 앙망하는 자,주일예배,김수생 목사,사 40 : 27-31,2003-10-05
1137,관계지향적 리더쉽,주일예배,김상복 목사,요 1: 35-51,2003-09-28
1138,독선적 신앙?,주일예배,김상복 목사,요14:1-11,2003-09-21
1139,기도할 때다,주일예배,김상복 목사,삼상 7:3-14,2003-09-14
1140,평화를 누리라,주일예배,김상복 목사,요 20:19-28,2003-10-12
1141,여호와를 앙망하는 자,주일예배,김수생 목사,사 40 : 27-31,2003-10-05
1142,관계지향적 리더쉽,주일예배,김상복 목사,요 1: 35-51,2003-09-28
1143,독선적 신앙?,주일예배,김상복 목사,요14:1-11,2003-09-21
1144,기도할 때다,주일예배,김상복 목사,삼상 7:3-14,2003-09-14
1145,어른을 공경하라,주일예배,김상복 목사,엡 6:1-3,2003-09-07
1146,다 이해할 수 없다,주일예배,김상복 목사,전 8:10-17,2003-08-31
1147,권위에 복종하라,주일예배,김상복 목사,전 8:1-8,2003-08-24
1148,자유의 가치,주일예배,김상복 목사,요8: 32-36,2003-08-17
1149,"자살, 안해도 된다!",주일예배,김상복 목사,고후 1:3-11,2003-08-10
1150,휴가의 영적 유익,주일예배,김상복 목사,시 139:1-18,2003-08-03
1151,그럼에도 불구하고,주일예배,김선도 목사,눅5:1-11,2003-07-27
1152,"십자가의 길, 순교자의 길",주일예배,주광조 장로,겔 37: 1-10,2003-07-20
1153,지혜로운 건축자,주일예배,홍순우 목사,고전 3:10-17,2003-07-13
1154,삼중의 감동체험,주일예배,김승욱 목사,왕상 3: 4-5,2003-07-06
1155,극단은 아니다,주일예배,김상복 목사,전 7 :15-29,2003-06-29
1156,하늘의 큰 기쁨,주일예배,김상복 목사,눅 15:1-7,2003-06-22
1157,허망의 극치,주일예배,김상복 목사,전 6:1-9,2003-06-15
1158,"수고의 열매, 즐기며 살라",주일예배,김상복 목사,전 5:18-20,2003-06-08
1159,슬픔이 웃음보다 낫다,주일예배,김상복 목사,전 7:1-14,2003-06-01
1160,하나됨을 힘써 지키라,주일예배,김상복 목사,엡 4:1-6,2003-05-25
1161,부지런히 가르치라,주일예배,김상복 목사,신 6:1-9,2003-05-18
1162,아버지의 소원,주일예배,김상복 목사,대상22: 6-13,2003-05-11
1163,오직 사랑,주일예배,김상복 목사,고전 13: 1,2003-05-04
1164,예수 부활에 관한 세계의 질문,주일예배,Luis Bush목사,눅 24:13-35,2003-04-27
1165,그가 살아나셨다,주일예배,김상복 목사,마 28:1-10,2003-04-20
1166,풀어 데려오라,주일예배,김상복 목사,눅 19:28-40,2003-04-13
1167,불시험을 두려워 말라,주일예배,김상복 목사,벧전 4:12-19,2003-04-06
1168,행한대로,주일예배,김상복 목사,계 22:6-15,2003-03-30
1169,종말은 오고 있다,주일예배,김상복 목사,마태복음 24:3-14,2003-03-23
1170,해가 돋는다,주일예배,김상복 목사,창세기 32:33-32,2003-03-16
1171,간구와 서원,주일예배,김상복 목사,창세기 28:10-22,2003-03-09
1172,복있는 나라,주일예배,김상복 목사,시편33:12-22,2003-03-02
1173,큰 자가 되라,주일예배,김상복 목사,마태복음 20:20-28,2003-02-23
1174,잘 믿는체 말라,주일예배,김의환 목사,마태복음 6:1-8,2003-02-16
1175,물어보라,주일예배,김상복 목사,창세기 15:1-11,2003-02-09
1176,약속을 성취하는 기도,주일예배,김상복 목사,에스겔 36:24-38,2003-02-02
1177,기도는 자녀의 특권,주일예배,김상복 목사,롬 8:28-32,2003-01-26
1178,하나님도 찾으신다,주일예배,김상복 목사,역대하 16:7-10,2003-01-20
1179,영혼의 기다림,주일예배,김상복 목사,시편 130:1-8,2003-01-12
1180,마음을 쏟아노라,주일예배,김상복 목사,욥 42:1-6,2003-01-05
1181,하나님을 찬양하자,주일예배,김상복 목사,시편 46:1-11,2002-12-29
1182,땅에는 평화,주일예배,김상복 목사,눅 2:1-20,2002-12-22
1183,왕이 나셨다,주일예배,김상복 목사,눅 2:8-14,2002-12-15
1184,통치자의 자격,주일예배,김상복 목사,신 17:14-20,2002-12-08
1185,유연한 신앙인,주일예배,김상복 목사,고전 9:19-27,2002-12-01
1186,열심히 섬기라,주일예배,김상복 목사,롬 12:3-12,2002-11-24
1187,여호와께 감사하라,주일예배,김상복 목사,시편 136:1-26,2002-11-17
1188,찾아오시는 하나님,주일예배,김상복 목사,창세기 3:1-19,2002-11-10
1189,영원한 연합,주일예배,김상복 목사,요 15:1 - 11,2002-11-03
1190,어리석은 부자,주일예배,김상복 목사,눅 12:!4-21,2002-10-27
1191,주의 일을 한다,주일예배,김상복 목사,요 14:12-18,2002-10-20
1192,마른 뼈들,주일예배,Lynn Buzzard 목사,에스겔 37:9-10,2002-10-13
1193,통일하신다,주일예배,김상복 목사,엡 4:1-6,2002-10-06
1194,하나는 데려간다,주일예배,김상복 목사,마 24:32-44,2002-09-29
1195,교제의 기쁨,주일예배,김상복 목사,요일 1:1-4,2002-09-22
1196,삶의 마지막 목표,주일예배,김상복 목사,살전 5:16-24,2002-09-15
1197,건강한 사람의 모습(4),주일예배,김상복 목사,살전 5:12-24,2002-09-08
1198,건강한 사람의 모습(3),주일예배,김상복 목사,살전 5:16-24,2002-09-01
1199,건강한 사람의 모습(2),주일예배,김상복 목사,살전 5:16-24,2002-08-25
1200,건강한 사람의 모습,주일예배,김상복 목사,살전 5:16~24,2002-08-18
1201,그가 이루시리라,주일예배,김상복 목사,살전 5:16~24,2002-08-11
1202,건강한 몸,주일예배,김상복 목사,살전 5:16-24,2002-08-04
1203,건강한 혼,주일예배,김상복 목사,살전 5:12-24,2002-07-28
1204,"건강한 영, 혼, 몸",주일예배,김상복 목사,살전 5:12-24,2002-07-21
1205,건강한 사람의 모습,주일예배,김상복 목사,살전 5:16~24,2002-08-18
1206,그가 이루시리라,주일예배,김상복 목사,살전 5:16~24,2002-08-11
1207,건강한 몸,주일예배,김상복 목사,살전 5:16-24,2002-08-04
1208,건강한 혼,주일예배,김상복 목사,살전 5:12-24,2002-07-28
1209,"건강한 영, 혼, 몸",주일예배,김상복 목사,살전 5:12-24,2002-07-21
1210,최고의 목표,주일예배,김상복 목사,고전 10:23-33,2002-07-14
1211,물과 성령으로 거듭나자!,주일예배,이만신 목사,요 3:1-8,2002-07-07
1212,새 일을 하리라,주일예배,김상복 목사,하 43:18-21,2002-06-30
1213,좋은 것을 주시리라,주일예배,김상복 목사,시편 85:1-13,2002-06-23
1214,좌절은 없다,주일예배,김상복 목사,고후 4:7-10,2002-06-16
1215,섬길 자를 세우라,주일예배,김상복 목사,마 20:20-28,2002-06-09
1216,월드컵 신앙,주일예배,김상복 목사,디모데 후서 2:1-7,2002-06-02
1217,부부는 한몸,주일예배,김상복 목사,마 19:3-12,2002-05-26
1218,가족을 돌보라,주일예배,김상복 목사,딤전 5:1-8,2002-05-19
1219,넉넉한 은혜,주일예배,김상복 목사,고후 9:6-8,2002-05-12
1220,이제는 드리라,주일예배,이준석 목사,창세기 22:1-12,2002-05-05
1221,즐거운 헌신,주일예배,김상복 목사,역대상 29:10-19,2002-04-28
1222,봉사하며 살자,주일예배,김상복 목사,마태복음 20:25-28,2002-04-21
1223,그가 이루시리라.,주일예배,김상복 목사,빌립보서 1 : 1 - 6,2002-04-14
1224,내주하시는 성령의 사역,주일예배,김상복 목사,로마서 8 : 1 - 17,2002-04-07
1225,부활의 승리,주일예배,김상복 목사,고전 15:50 - 58,2002-03-31
1226,호산나,주일예배,김상복 목사,요 12:12-19,2002-03-24
1227,성장한 모습,주일예배,김상복 목사,로마서 8:26-39,2002-03-17
1228,참된 자유를 누리라,주일예배,김상복 목사,요한복음 8:31-36,2002-03-10
1229,진리를 사랑하라,주일예배,김상복 목사,요한복음 17:14-19,2002-03-03
1230,죄에서 자유를,주일예배,김상복 목사,로마서 1:14-32,2002-02-24
1231,성장하자!,주일예배,김상복 목사,요한복음 8:31-36,2002-02-17
1232,왜 거듭나야 하는가?,주일예배,김상복 목사,엡2:1-10,2002-02-10
1233,거듭난 사람의 변화,주일예배,김상복 목사,고린도후서 5:14-17,2002-02-03
1234,태어난 증거,주일예배,김상복 목사,요한일서 5:1-12,2002-01-27
1235,위로부터 받은 생명,주일예배,김상복 목사,요3:1-17,2002-01-20
1236,분명히 발전한다,주일예배,김상복 목사,딤전 4:11-16,2002-01-13
1237,새해의 기도,주일예배,김상복 목사,빌립보서4:4-7,2002-01-06
1238,위로부터 받은 생명,주일예배,김상복 목사,요3:1-17,2002-01-20
1239,분명히 발전한다,주일예배,김상복 목사,딤전 4:11-16,2002-01-13
1240,새해의 기도,주일예배,김상복 목사,빌립보서4:4-7,2002-01-06
1241,위로부터 받은 생명,주일예배,김상복 목사,요3:1-17,2002-01-20
1242,분명히 발전한다,주일예배,김상복 목사,딤전 4:11-16,2002-01-13
1243,새해의 기도,주일예배,김상복 목사,빌립보서4:4-7,2002-01-06
